gameId,season,week,seasonType,startDateParsed,homeTeam,awayTeam,predictedHomeMargin,predictedGameTotal,predictedHomePoints,predictedAwayPoints,homePriorSourceGames,awayPriorSourceGames,bothTeamsHaveHistory,predictedWinner,predictedWinnerMargin,modelVersion,sourceWeek,targetWeek,repairedHomeMargin,repairedGameTotal,repairedHomePoints,repairedAwayPoints,repairedWinner
401871049,2026,5,regular,2026-10-02 00:00:00+00:00,New Mexico State,Western Kentucky,6.344160663904129,48.458860359414444,27.40151051165929,21.05734984775516,4,4,True,New Mexico State,6.344160663904129,V1.3,4,5,5.923349084779501,46.115902062351275,26.01962557356539,20.096276488785886,New Mexico State
401862786,2026,5,regular,2026-10-02 01:00:00+00:00,Tulsa,North Texas,6.17362852564135,47.44148225884824,26.807555392244797,20.63392686660345,4,4,True,Tulsa,6.17362852564135,V1.3,4,5,-4.893791057620978,50.37477619257974,22.74049256747938,27.63428362510036,North Texas
401908333,2026,5,regular,2026-10-02 22:00:00+00:00,Dickinson,Johns Hopkins,6.254721735002158,48.25251022676486,27.25361598088351,20.998894245881356,1,0,False,Dickinson,6.254721735002158,V1.3,4,5,3.278661394239035,50.80815908552386,27.04341023988145,23.764748845642412,Dickinson
401858245,2026,5,regular,2026-10-02 23:00:00+00:00,Virginia Tech,Pittsburgh,6.211983110880745,47.50322924221948,26.85760617655011,20.64562306566937,4,4,True,Virginia Tech,6.211983110880745,V1.3,4,5,-2.770899952375836,47.00794968812947,22.11852486787682,24.889424820252653,Pittsburgh
401871050,2026,5,regular,2026-10-02 23:00:00+00:00,Delaware,Liberty,6.471906952209001,47.36846996342563,26.92018845781732,20.448281505608318,4,4,True,Delaware,6.471906952209001,V1.3,4,5,-6.716425072884647,46.440362739754995,19.861968833435174,26.57839390631982,Liberty
401908367,2026,5,regular,2026-10-02 23:00:00+00:00,Ursinus,Muhlenberg,6.346080711816531,48.21813086487192,27.282105788344225,20.93602507652769,0,0,False,Ursinus,6.346080711816531,V1.3,4,5,0.0,48.000329911918335,24.000164955959168,24.000164955959168,Muhlenberg
401908686,2026,5,regular,2026-10-02 23:30:00+00:00,St. Lawrence,Union,6.346080711816531,48.21813086487192,27.282105788344225,20.93602507652769,0,0,False,St. Lawrence,6.346080711816531,V1.3,4,5,0.0,48.000329911918335,24.000164955959168,24.000164955959168,Union
401858476,2026,5,regular,2026-10-03 00:00:00+00:00,Northwestern,Penn State,5.8084779428761655,47.36195942473961,26.585218683807888,20.77674074093172,3,4,True,Northwestern,5.8084779428761655,V1.3,4,5,-3.962242427535114,51.22338381968695,23.630570696075917,27.592813123611034,Penn State
401868094,2026,5,regular,2026-10-03 02:30:00+00:00,Idaho,Montana State,6.648648027891671,47.46837903867989,27.058513533285783,20.40986550539411,4,5,True,Idaho,6.648648027891671,V1.3,4,5,-10.660949397902126,54.74221577749602,22.04063318979695,32.70158258769907,Montana State
401856707,2026,5,regular,2026-10-03 16:00:00+00:00,Mississippi State,Alabama,6.120763885642433,48.12856651624988,27.12466520094616,21.003901315303725,4,4,True,Mississippi State,6.120763885642433,V1.3,4,5,-0.560933567733273,60.102930595780514,29.77099851402362,30.331932081756893,Alabama
401856807,2026,5,regular,2026-10-03 16:00:00+00:00,Kansas,Middle Tennessee,6.30159860704776,47.69875121673546,27.00017491189161,20.69857630484385,3,4,True,Kansas,6.30159860704776,V1.3,4,5,3.0798271917980755,45.37677010072915,24.228298646263614,21.14847145446554,Kansas
401856819,2026,5,regular,2026-10-03 16:00:00+00:00,Houston,UCF,6.487021526699386,47.346155535071865,26.916588530885623,20.42956700418624,4,4,True,Houston,6.487021526699386,V1.3,4,5,6.776194710651213,49.48944406839893,28.13281938952507,21.35662467887386,Houston
401856822,2026,5,regular,2026-10-03 16:00:00+00:00,Iowa State,West Virginia,6.262943741489041,47.48473674629459,26.873840243891813,20.61089650240277,4,4,True,Iowa State,6.262943741489041,V1.3,4,5,-0.5645961442417324,50.11867069929945,24.77703727752886,25.34163342177059,West Virginia
401858246,2026,5,regular,2026-10-03 16:00:00+00:00,SMU,Boston College,6.166310097204627,48.02078703001486,27.093548563609744,20.927238466405115,4,4,True,SMU,6.166310097204627,V1.3,4,5,8.615520136409552,45.634725246754996,27.125122691582273,18.509602555172723,SMU
401858250,2026,5,regular,2026-10-03 16:00:00+00:00,North Carolina,Notre Dame,6.0021945787755735,46.63523226885228,26.318713423813925,20.316518845038352,3,4,True,North Carolina,6.0021945787755735,V1.3,4,5,-6.08065168131965,42.314173345545754,18.11676083211305,24.197412513432702,Notre Dame
401858251,2026,5,regular,2026-10-03 16:00:00+00:00,Wake Forest,Stanford,6.446060593046748,47.76637192818962,27.106216260618183,20.66015566757144,4,4,True,Wake Forest,6.446060593046748,V1.3,4,5,6.599374198666773,49.49552291935227,28.04744855900952,21.448074360342748,Wake Forest
401858252,2026,5,regular,2026-10-03 16:00:00+00:00,UConn,Syracuse,6.443193234279265,48.53608764471206,27.489640439495663,21.0464472052164,4,3,True,UConn,6.443193234279265,V1.3,4,5,-0.8864423082793327,48.286375478689735,23.6999665852052,24.586408893484535,Syracuse
401858474,2026,5,regular,2026-10-03 16:00:00+00:00,Minnesota,Michigan,6.469834054573901,46.99875579120409,26.734294922889,20.26446086831509,4,4,True,Minnesota,6.469834054573901,V1.3,4,5,1.9704844278602343,39.53260229806734,20.751543362963787,18.78105893510355,Minnesota
401862791,2026,5,regular,2026-10-03 16:00:00+00:00,Air Force,Navy,6.235408261633801,47.44097633697155,26.83819229930268,20.60278403766888,3,3,True,Air Force,6.235408261633801,V1.3,4,5,2.298233298738432,52.99202912964823,27.64513121419333,25.3468979154549,Air Force
401866654,2026,5,regular,2026-10-03 16:00:00+00:00,Rhode Island,Brown,6.504592351697485,47.40785454166372,26.9562234466806,20.45163109498312,5,2,True,Rhode Island,6.504592351697485,V1.3,4,5,2.9211564988377763,38.09539988013254,20.508278189485157,17.587121690647383,Rhode Island
401867819,2026,5,regular,2026-10-03 16:00:00+00:00,Columbia,Princeton,6.644697398095895,46.37009430452542,26.50739585131066,19.862698453214765,2,2,True,Columbia,6.644697398095895,V1.3,4,5,1.6151535527701526,44.06317739306406,22.839165472917106,21.224011920146953,Columbia
401867899,2026,5,regular,2026-10-03 16:00:00+00:00,Central Connecticut,Wagner,8.006506043019812,48.6134007156425,28.309953379331155,20.303447336311343,3,4,True,Central Connecticut,8.006506043019812,V1.3,4,5,1.3887607707335419,47.00961253360106,24.1991866521673,22.81042588143376,Central Connecticut
401867910,2026,5,regular,2026-10-03 16:00:00+00:00,Long Island University,Mercyhurst,6.588668618530841,47.36910868071912,26.97888864962498,20.39022003109414,5,5,True,Long Island University,6.588668618530841,V1.3,4,5,-0.21280873320222732,43.879157126308044,21.833174196552907,22.045982929755137,Mercyhurst
401868010,2026,5,regular,2026-10-03 16:00:00+00:00,Lehigh,Fordham,6.406433234915555,47.28010908633839,26.843271160626973,20.43683792571142,5,5,True,Lehigh,6.406433234915555,V1.3,4,5,12.135361706410908,45.89413049383938,29.014746100125144,16.879384393714233,Lehigh
401870840,2026,5,regular,2026-10-03 16:00:00+00:00,Yale,Merrimack,6.135717202451928,48.419172786257874,27.2774449943549,21.141727791902973,2,5,True,Yale,6.135717202451928,V1.3,4,5,5.470590061169362,43.26305819905945,24.366824130114406,18.896234068945045,Yale
401906652,2026,5,regular,2026-10-03 16:00:00+00:00,Ohio Dominican,Findlay,6.586268003588346,48.66077489660842,27.623521450098384,21.03725344651004,1,0,False,Ohio Dominican,6.586268003588346,V1.3,4,5,3.278661394239035,50.80815908552386,27.04341023988145,23.764748845642412,Ohio Dominican
401906679,2026,5,regular,2026-10-03 16:00:00+00:00,Northwood,Kentucky Wesleyan,6.346080711816531,48.21813086487192,27.282105788344225,20.93602507652769,0,0,False,Northwood,6.346080711816531,V1.3,4,5,0.0,48.000329911918335,24.000164955959168,24.000164955959168,Kentucky Wesleyan
401907478,2026,5,regular,2026-10-03 16:00:00+00:00,American International,Franklin Pierce,6.33321853203558,48.25434426290215,27.293781397468862,20.960562865433285,0,1,False,American International,6.33321853203558,V1.3,4,5,-3.278661394239035,50.80815908552386,23.764748845642412,27.04341023988145,Franklin Pierce
401907487,2026,5,regular,2026-10-03 16:00:00+00:00,Assumption,Bentley,6.346080711816531,48.21813086487192,27.282105788344225,20.93602507652769,0,0,False,Assumption,6.346080711816531,V1.3,4,5,0.0,48.000329911918335,24.000164955959168,24.000164955959168,Bentley
401907675,2026,5,regular,2026-10-03 16:00:00+00:00,Shepherd,Millersville,6.346080711816531,48.21813086487192,27.282105788344225,20.93602507652769,0,0,False,Shepherd,6.346080711816531,V1.3,4,5,0.0,48.000329911918335,24.000164955959168,24.000164955959168,Millersville
401907856,2026,5,regular,2026-10-03 16:00:00+00:00,SUNY Morrisville,Alfred State,6.346080711816531,48.21813086487192,27.282105788344225,20.93602507652769,0,0,False,SUNY Morrisville,6.346080711816531,V1.3,4,5,0.0,48.000329911918335,24.000164955959168,24.000164955959168,Alfred State
401907866,2026,5,regular,2026-10-03 16:00:00+00:00,Hartwick,Alfred,6.346080711816531,48.21813086487192,27.282105788344225,20.93602507652769,0,0,False,Hartwick,6.346080711816531,V1.3,4,5,0.0,48.000329911918335,24.000164955959168,24.000164955959168,Alfred
401908071,2026,5,regular,2026-10-03 16:00:00+00:00,Rensselaer,Hilbert,6.346080711816531,48.21813086487192,27.282105788344225,20.93602507652769,0,0,False,Rensselaer,6.346080711816531,V1.3,4,5,0.0,48.000329911918335,24.000164955959168,24.000164955959168,Hilbert
401908079,2026,5,regular,2026-10-03 16:00:00+00:00,North Carolina Wesleyan,LaGrange,6.346080711816531,48.21813086487192,27.282105788344225,20.93602507652769,0,0,False,North Carolina Wesleyan,6.346080711816531,V1.3,4,5,0.0,48.000329911918335,24.000164955959168,24.000164955959168,LaGrange
401908209,2026,5,regular,2026-10-03 16:00:00+00:00,Bluffton,Anderson (IN),6.346080711816531,48.21813086487192,27.282105788344225,20.93602507652769,0,0,False,Bluffton,6.346080711816531,V1.3,4,5,0.0,48.000329911918335,24.000164955959168,24.000164955959168,Anderson (IN)
401908479,2026,5,regular,2026-10-03 16:00:00+00:00,Curry,New England College,6.346080711816531,48.21813086487192,27.282105788344225,20.93602507652769,0,0,False,Curry,6.346080711816531,V1.3,4,5,0.0,48.000329911918335,24.000164955959168,24.000164955959168,New England College
401908486,2026,5,regular,2026-10-03 16:00:00+00:00,New England,Endicott,6.346080711816531,48.21813086487192,27.282105788344225,20.93602507652769,0,0,False,New England,6.346080711816531,V1.3,4,5,0.0,48.000329911918335,24.000164955959168,24.000164955959168,Endicott
401908570,2026,5,regular,2026-10-03 16:00:00+00:00,Framingham State,Fitchburg State,6.346080711816531,48.21813086487192,27.282105788344225,20.93602507652769,0,0,False,Framingham State,6.346080711816531,V1.3,4,5,0.0,48.000329911918335,24.000164955959168,24.000164955959168,Fitchburg State
401908600,2026,5,regular,2026-10-03 16:00:00+00:00,Mass Maritime,UMass Dartmouth,6.346080711816531,48.21813086487192,27.282105788344225,20.93602507652769,0,0,False,Mass Maritime,6.346080711816531,V1.3,4,5,0.0,48.000329911918335,24.000164955959168,24.000164955959168,UMass Dartmouth
401908626,2026,5,regular,2026-10-03 16:00:00+00:00,WPI,Norwich,6.346080711816531,48.21813086487192,27.282105788344225,20.93602507652769,0,0,False,WPI,6.346080711816531,V1.3,4,5,0.0,48.000329911918335,24.000164955959168,24.000164955959168,Norwich
401908640,2026,5,regular,2026-10-03 16:00:00+00:00,Juniata,Wilkes,6.346080711816531,48.21813086487192,27.282105788344225,20.93602507652769,0,0,False,Juniata,6.346080711816531,V1.3,4,5,0.0,48.000329911918335,24.000164955959168,24.000164955959168,Wilkes
401908893,2026,5,regular,2026-10-03 16:00:00+00:00,MIT,Merchant Marine,6.346080711816531,48.21813086487192,27.282105788344225,20.93602507652769,0,0,False,MIT,6.346080711816531,V1.3,4,5,0.0,48.000329911918335,24.000164955959168,24.000164955959168,Merchant Marine
401908960,2026,5,regular,2026-10-03 16:00:00+00:00,Salve Regina,Springfield,6.346080711816531,48.21813086487192,27.282105788344225,20.93602507652769,0,0,False,Salve Regina,6.346080711816531,V1.3,4,5,0.0,48.000329911918335,24.000164955959168,24.000164955959168,Springfield
401858479,2026,5,regular,2026-10-03 16:30:00+00:00,Wisconsin,Michigan State,6.558797556227899,46.55834301433468,26.558570285281288,19.999772729053387,4,4,True,Wisconsin,6.558797556227899,V1.3,4,5,6.754240436960636,50.319184756262324,28.53671259661148,21.782472159650844,Wisconsin
401867828,2026,5,regular,2026-10-03 16:30:00+00:00,Georgetown,Cornell,6.527316511222794,46.56100762957376,26.54416207039828,20.016845559175483,3,2,True,Georgetown,6.527316511222794,V1.3,4,5,-4.271284170506968,44.533724607235975,20.131220218364504,24.40250438887147,Cornell
401868029,2026,5,regular,2026-10-03 16:30:00+00:00,Lafayette,Richmond,6.4845505887013095,48.7881898985934,27.63637024364736,21.15181965494605,4,5,True,Lafayette,6.4845505887013095,V1.3,4,5,-4.396910636892779,42.07178978044065,18.83743957177394,23.234350208666715,Richmond
401908588,2026,5,regular,2026-10-03 16:30:00+00:00,Plymouth State,Dean,6.346080711816531,48.21813086487192,27.282105788344225,20.93602507652769,0,0,False,Plymouth State,6.346080711816531,V1.3,4,5,0.0,48.000329911918335,24.000164955959168,24.000164955959168,Dean
401856705,2026,5,regular,2026-10-03 16:45:00+00:00,Georgia,Vanderbilt,6.490312735971848,47.46590220730024,26.978107471636044,20.487794735664195,4,4,True,Georgia,6.490312735971848,V1.3,4,5,8.283723316709432,40.5383034359918,24.411013376350617,16.127290059641183,Georgia
401866432,2026,5,regular,2026-10-03 17:00:00+00:00,Buffalo,Western Michigan,6.570633012878275,47.48782909017984,27.029231051529056,20.45859803865078,4,4,True,Buffalo,6.570633012878275,V1.3,4,5,-7.255366769875565,44.37512798614682,18.55988060813563,25.815247378011193,Western Michigan
401866650,2026,5,regular,2026-10-03 17:00:00+00:00,New Hampshire,Elon,6.479446758474432,47.86751430432206,27.173480531398244,20.694033772923813,5,5,True,New Hampshire,6.479446758474432,V1.3,4,5,-10.106949340456788,42.159401079068545,16.02622586930588,26.133175209762666,Elon
401866651,2026,5,regular,2026-10-03 17:00:00+00:00,Monmouth,Towson,6.506067447907763,47.53225582143459,27.01916163467117,20.51309418676341,5,5,True,Monmouth,6.506067447907763,V1.3,4,5,2.0269570433205986,50.57253645200338,26.29974674766199,24.272789704341392,Monmouth
401867967,2026,5,regular,2026-10-03 17:00:00+00:00,Villanova,Morgan State,6.288651545683722,46.88950326245005,26.589077404066884,20.300425858383164,5,4,True,Villanova,6.288651545683722,V1.3,4,5,-0.6857905604487433,53.899308932053586,26.60675918580242,27.292549746251165,Morgan State
401868228,2026,5,regular,2026-10-03 17:00:00+00:00,Drake,Dayton,6.151973247601522,48.4912594241711,27.32161633588631,21.169643088284783,4,3,True,Drake,6.151973247601522,V1.3,4,5,-0.0418007325116464,55.05911102937722,27.508655148432787,27.550455880944433,Dayton
401868264,2026,5,regular,2026-10-03 17:00:00+00:00,Stetson,Marist,7.362564497616661,46.77967040806524,27.071117452840948,19.708552955224288,3,4,True,Stetson,7.362564497616661,V1.3,4,5,-16.280464791594817,48.92757727464722,16.3235562415262,32.604021033121015,Marist
401868270,2026,5,regular,2026-10-03 17:00:00+00:00,Morehead State,Valparaiso,6.677667678086489,49.19676376214231,27.9372157201144,21.259548042027912,4,3,True,Morehead State,6.677667678086489,V1.3,4,5,-1.5159348299847912,44.42505960162379,21.4545623858195,22.970497215804293,Valparaiso
401868276,2026,5,regular,2026-10-03 17:00:00+00:00,Presbyterian,St. Thomas (MN),6.701843287880109,48.61660571868647,27.659224503283287,20.957381215403174,4,5,True,Presbyterian,6.701843287880109,V1.3,4,5,-13.508470411608105,47.90907555110492,17.20030256974841,30.70877298135651,St. Thomas (MN)
401906053,2026,5,regular,2026-10-03 17:00:00+00:00,Bluefield State,Johnson C. Smith,6.346080711816531,48.21813086487192,27.282105788344225,20.93602507652769,0,0,False,Bluefield State,6.346080711816531,V1.3,4,5,0.0,48.000329911918335,24.000164955959168,24.000164955959168,Johnson C. Smith
401906120,2026,5,regular,2026-10-03 17:00:00+00:00,Bowie State,Shaw,6.578592056762955,48.31831075733504,27.448451407049,20.86985935028604,2,0,False,Bowie State,6.578592056762955,V1.3,4,5,7.077657213432217,50.55371413111814,28.81568567227518,21.73802845884296,Bowie State
401906128,2026,5,regular,2026-10-03 17:00:00+00:00,Virginia Union,Elizabeth City State,6.295831598790585,48.073072949747065,27.184452274268825,20.88862067547824,0,1,False,Virginia Union,6.295831598790585,V1.3,4,5,-3.278661394239035,50.80815908552386,23.764748845642412,27.04341023988145,Elizabeth City State
401906135,2026,5,regular,2026-10-03 17:00:00+00:00,Lincoln (PA),Virginia State,7.774959048258872,46.77374395376117,27.27435150101002,19.49939245275115,1,1,True,Lincoln (PA),7.774959048258872,V1.3,4,5,9.220570733342413,47.71720371478285,28.46888722406263,19.248316490720217,Lincoln (PA)
401906155,2026,5,regular,2026-10-03 17:00:00+00:00,Livingstone,Fayetteville State,6.346080711816531,48.21813086487192,27.282105788344225,20.93602507652769,0,0,False,Livingstone,6.346080711816531,V1.3,4,5,0.0,48.000329911918335,24.000164955959168,24.000164955959168,Fayetteville State
401906197,2026,5,regular,2026-10-03 17:00:00+00:00,UNC Pembroke,North Greenville,6.346080711816531,48.21813086487192,27.282105788344225,20.93602507652769,0,0,False,UNC Pembroke,6.346080711816531,V1.3,4,5,0.0,48.000329911918335,24.000164955959168,24.000164955959168,North Greenville
401906635,2026,5,regular,2026-10-03 17:00:00+00:00,Ashland,Tiffin,6.346080711816531,48.21813086487192,27.282105788344225,20.93602507652769,0,0,False,Ashland,6.346080711816531,V1.3,4,5,0.0,48.000329911918335,24.000164955959168,24.000164955959168,Tiffin
401906684,2026,5,regular,2026-10-03 17:00:00+00:00,Lake Erie,Hillsdale,6.346080711816531,48.21813086487192,27.282105788344225,20.93602507652769,0,0,False,Lake Erie,6.346080711816531,V1.3,4,5,0.0,48.000329911918335,24.000164955959168,24.000164955959168,Hillsdale
401906945,2026,5,regular,2026-10-03 17:00:00+00:00,Northern Michigan,Ferris State,6.830262691380953,48.90993491304354,27.870098802212247,21.039836110831292,1,0,False,Northern Michigan,6.830262691380953,V1.3,4,5,3.278661394239035,50.80815908552386,27.04341023988145,23.764748845642412,Northern Michigan
401906952,2026,5,regular,2026-10-03 17:00:00+00:00,Central State,Fort Valley State,7.068981853903297,48.578874781726654,27.82392831781497,20.75494646391168,2,1,True,Central State,7.068981853903297,V1.3,4,5,3.0521630030682596,52.01221261775325,27.532187810410754,24.480024807342495,Central State
401907397,2026,5,regular,2026-10-03 17:00:00+00:00,Anderson (SC),Emory & Henry,6.138731106194319,48.530230891839246,27.334480999016783,21.195749892822462,1,0,False,Anderson (SC),6.138731106194319,V1.3,4,5,3.278661394239035,50.80815908552386,27.04341023988145,23.764748845642412,Anderson (SC)
401907497,2026,5,regular,2026-10-03 17:00:00+00:00,Lackawanna,Bloomsburg,6.346080711816531,48.21813086487192,27.282105788344225,20.93602507652769,0,0,False,Lackawanna,6.346080711816531,V1.3,4,5,0.0,48.000329911918335,24.000164955959168,24.000164955959168,Bloomsburg
401907530,2026,5,regular,2026-10-03 17:00:00+00:00,Lock Haven,Clarion,6.346080711816531,48.21813086487192,27.282105788344225,20.93602507652769,0,0,False,Lock Haven,6.346080711816531,V1.3,4,5,0.0,48.000329911918335,24.000164955959168,24.000164955959168,Clarion
401907561,2026,5,regular,2026-10-03 17:00:00+00:00,Post,Pace,6.346080711816531,48.21813086487192,27.282105788344225,20.93602507652769,0,0,False,Post,6.346080711816531,V1.3,4,5,0.0,48.000329911918335,24.000164955959168,24.000164955959168,Pace
401907571,2026,5,regular,2026-10-03 17:00:00+00:00,Shippensburg,Kutztown,6.346080711816531,48.21813086487192,27.282105788344225,20.93602507652769,0,0,False,Shippensburg,6.346080711816531,V1.3,4,5,0.0,48.000329911918335,24.000164955959168,24.000164955959168,Kutztown
401907589,2026,5,regular,2026-10-03 17:00:00+00:00,Concord,Frostburg State,6.311145764418333,48.14319293248207,27.2271693484502,20.916023584031866,1,0,False,Concord,6.311145764418333,V1.3,4,5,3.278661394239035,50.80815908552386,27.04341023988145,23.764748845642412,Concord
401907602,2026,5,regular,2026-10-03 17:00:00+00:00,Saint Anselm,Southern Connecticut State,6.341460243432864,47.96887354026261,27.15516689184773,20.813706648414872,0,1,False,Saint Anselm,6.341460243432864,V1.3,4,5,-3.278661394239035,50.80815908552386,23.764748845642412,27.04341023988145,Southern Connecticut State
401907623,2026,5,regular,2026-10-03 17:00:00+00:00,West Virginia Wesleyan,Wheeling,6.346080711816531,48.21813086487192,27.282105788344225,20.93602507652769,0,0,False,West Virginia Wesleyan,6.346080711816531,V1.3,4,5,0.0,48.000329911918335,24.000164955959168,24.000164955959168,Wheeling
401907658,2026,5,regular,2026-10-03 17:00:00+00:00,McDaniel,Carnegie Mellon,6.346080711816531,48.21813086487192,27.282105788344225,20.93602507652769,0,0,False,McDaniel,6.346080711816531,V1.3,4,5,0.0,48.000329911918335,24.000164955959168,24.000164955959168,Carnegie Mellon
401907669,2026,5,regular,2026-10-03 17:00:00+00:00,Beloit,Chicago,6.346080711816531,48.21813086487192,27.282105788344225,20.93602507652769,0,0,False,Beloit,6.346080711816531,V1.3,4,5,0.0,48.000329911918335,24.000164955959168,24.000164955959168,Chicago
401907739,2026,5,regular,2026-10-03 17:00:00+00:00,Westminster (PA),Case Western Reserve,6.346080711816531,48.21813086487192,27.282105788344225,20.93602507652769,0,0,False,Westminster (PA),6.346080711816531,V1.3,4,5,0.0,48.000329911918335,24.000164955959168,24.000164955959168,Case Western Reserve
401907749,2026,5,regular,2026-10-03 17:00:00+00:00,Rochester (NY),Buffalo State,6.346080711816531,48.21813086487192,27.282105788344225,20.93602507652769,0,0,False,Rochester (NY),6.346080711816531,V1.3,4,5,0.0,48.000329911918335,24.000164955959168,24.000164955959168,Buffalo State
401907883,2026,5,regular,2026-10-03 17:00:00+00:00,Utica,SUNY Cortland,6.346080711816531,48.21813086487192,27.282105788344225,20.93602507652769,0,0,False,Utica,6.346080711816531,V1.3,4,5,0.0,48.000329911918335,24.000164955959168,24.000164955959168,SUNY Cortland
401908097,2026,5,regular,2026-10-03 17:00:00+00:00,Methodist,Huntingdon,6.346080711816531,48.21813086487192,27.282105788344225,20.93602507652769,0,0,False,Methodist,6.346080711816531,V1.3,4,5,0.0,48.000329911918335,24.000164955959168,24.000164955959168,Huntingdon
401908311,2026,5,regular,2026-10-03 17:00:00+00:00,Trinity (TX),Berry,6.346080711816531,48.21813086487192,27.282105788344225,20.93602507652769,0,0,False,Trinity (TX),6.346080711816531,V1.3,4,5,0.0,48.000329911918335,24.000164955959168,24.000164955959168,Berry
401908341,2026,5,regular,2026-10-03 17:00:00+00:00,Franklin & Marshall,Gettysburg,6.346080711816531,48.21813086487192,27.282105788344225,20.93602507652769,0,0,False,Franklin & Marshall,6.346080711816531,V1.3,4,5,0.0,48.000329911918335,24.000164955959168,24.000164955959168,Gettysburg
401908379,2026,5,regular,2026-10-03 17:00:00+00:00,Brevard,Belhaven,6.346080711816531,48.21813086487192,27.282105788344225,20.93602507652769,0,0,False,Brevard,6.346080711816531,V1.3,4,5,0.0,48.000329911918335,24.000164955959168,24.000164955959168,Belhaven
401908521,2026,5,regular,2026-10-03 17:00:00+00:00,Husson,Western New England,6.346080711816531,48.21813086487192,27.282105788344225,20.93602507652769,0,0,False,Husson,6.346080711816531,V1.3,4,5,0.0,48.000329911918335,24.000164955959168,24.000164955959168,Western New England
401908611,2026,5,regular,2026-10-03 17:00:00+00:00,Western Connecticut State,Moravian,6.346080711816531,48.21813086487192,27.282105788344225,20.93602507652769,0,0,False,Western Connecticut State,6.346080711816531,V1.3,4,5,0.0,48.000329911918335,24.000164955959168,24.000164955959168,Moravian
401908633,2026,5,regular,2026-10-03 17:00:00+00:00,Lycoming,Catholic,6.346080711816531,48.21813086487192,27.282105788344225,20.93602507652769,0,0,False,Lycoming,6.346080711816531,V1.3,4,5,0.0,48.000329911918335,24.000164955959168,24.000164955959168,Catholic
401908707,2026,5,regular,2026-10-03 17:00:00+00:00,Albion,Kalamazoo,6.346080711816531,48.21813086487192,27.282105788344225,20.93602507652769,0,0,False,Albion,6.346080711816531,V1.3,4,5,0.0,48.000329911918335,24.000164955959168,24.000164955959168,Kalamazoo
401908713,2026,5,regular,2026-10-03 17:00:00+00:00,Trine,Alma,6.346080711816531,48.21813086487192,27.282105788344225,20.93602507652769,0,0,False,Trine,6.346080711816531,V1.3,4,5,0.0,48.000329911918335,24.000164955959168,24.000164955959168,Alma
401908719,2026,5,regular,2026-10-03 17:00:00+00:00,Hobart,Ithaca,6.346080711816531,48.21813086487192,27.282105788344225,20.93602507652769,0,0,False,Hobart,6.346080711816531,V1.3,4,5,0.0,48.000329911918335,24.000164955959168,24.000164955959168,Ithaca
401908826,2026,5,regular,2026-10-03 17:00:00+00:00,Amherst,Bowdoin,6.346080711816531,48.21813086487192,27.282105788344225,20.93602507652769,0,0,False,Amherst,6.346080711816531,V1.3,4,5,0.0,48.000329911918335,24.000164955959168,24.000164955959168,Bowdoin
401908899,2026,5,regular,2026-10-03 17:00:00+00:00,Middlebury,Colby,6.346080711816531,48.21813086487192,27.282105788344225,20.93602507652769,0,0,False,Middlebury,6.346080711816531,V1.3,4,5,0.0,48.000329911918335,24.000164955959168,24.000164955959168,Colby
401908909,2026,5,regular,2026-10-03 17:00:00+00:00,Hamilton,Wesleyan (CT),6.346080711816531,48.21813086487192,27.282105788344225,20.93602507652769,0,0,False,Hamilton,6.346080711816531,V1.3,4,5,0.0,48.000329911918335,24.000164955959168,24.000164955959168,Wesleyan (CT)
401908926,2026,5,regular,2026-10-03 17:00:00+00:00,Rowan,Vermont State Castleton,6.346080711816531,48.21813086487192,27.282105788344225,20.93602507652769,0,0,False,Rowan,6.346080711816531,V1.3,4,5,0.0,48.000329911918335,24.000164955959168,24.000164955959168,Vermont State Castleton
401908934,2026,5,regular,2026-10-03 17:00:00+00:00,Christopher Newport,William Paterson,6.346080711816531,48.21813086487192,27.282105788344225,20.93602507652769,0,0,False,Christopher Newport,6.346080711816531,V1.3,4,5,0.0,48.000329911918335,24.000164955959168,24.000164955959168,William Paterson
401908993,2026,5,regular,2026-10-03 17:00:00+00:00,Randolph Macon,Bridgewater,6.346080711816531,48.21813086487192,27.282105788344225,20.93602507652769,0,0,False,Randolph Macon,6.346080711816531,V1.3,4,5,0.0,48.000329911918335,24.000164955959168,24.000164955959168,Bridgewater
401909000,2026,5,regular,2026-10-03 17:00:00+00:00,Guilford,Roanoke College,6.346080711816531,48.21813086487192,27.282105788344225,20.93602507652769,0,0,False,Guilford,6.346080711816531,V1.3,4,5,0.0,48.000329911918335,24.000164955959168,24.000164955959168,Roanoke College
401909006,2026,5,regular,2026-10-03 17:00:00+00:00,Shenandoah,Hampden Sydney,6.346080711816531,48.21813086487192,27.282105788344225,20.93602507652769,0,0,False,Shenandoah,6.346080711816531,V1.3,4,5,0.0,48.000329911918335,24.000164955959168,24.000164955959168,Hampden Sydney
401909034,2026,5,regular,2026-10-03 17:00:00+00:00,Washington & Jefferson,Geneva,6.346080711816531,48.21813086487192,27.282105788344225,20.93602507652769,0,0,False,Washington & Jefferson,6.346080711816531,V1.3,4,5,0.0,48.000329911918335,24.000164955959168,24.000164955959168,Geneva
401909052,2026,5,regular,2026-10-03 17:00:00+00:00,Waynesburg,Saint Vincent,6.346080711816531,48.21813086487192,27.282105788344225,20.93602507652769,0,0,False,Waynesburg,6.346080711816531,V1.3,4,5,0.0,48.000329911918335,24.000164955959168,24.000164955959168,Saint Vincent
401909129,2026,5,regular,2026-10-03 17:00:00+00:00,Denison,Wabash,6.346080711816531,48.21813086487192,27.282105788344225,20.93602507652769,0,0,False,Denison,6.346080711816531,V1.3,4,5,0.0,48.000329911918335,24.000164955959168,24.000164955959168,Wabash
401909134,2026,5,regular,2026-10-03 17:00:00+00:00,DePauw,Oberlin,6.346080711816531,48.21813086487192,27.282105788344225,20.93602507652769,0,0,False,DePauw,6.346080711816531,V1.3,4,5,0.0,48.000329911918335,24.000164955959168,24.000164955959168,Oberlin
401907540,2026,5,regular,2026-10-03 17:05:00+00:00,East Stroudsburg,West Chester,6.346080711816531,48.21813086487192,27.282105788344225,20.93602507652769,0,0,False,East Stroudsburg,6.346080711816531,V1.3,4,5,0.0,48.000329911918335,24.000164955959168,24.000164955959168,West Chester
401867835,2026,5,regular,2026-10-03 17:30:00+00:00,Dartmouth,Pennsylvania,6.223382492939674,49.53490891948722,27.87914570621345,21.65576321327377,2,2,True,Dartmouth,6.223382492939674,V1.3,4,5,-1.5418309849356677,38.04653004584006,18.252349530452197,19.79418051538786,Pennsylvania
401868381,2026,5,regular,2026-10-03 17:30:00+00:00,VMI,Mercer,6.859718338833412,47.80975890126671,27.33473862005006,20.47502028121665,5,5,True,VMI,6.859718338833412,V1.3,4,5,-12.863861701944748,46.014115603521894,16.575126950788572,29.43898865273332,Mercer
401907616,2026,5,regular,2026-10-03 17:30:00+00:00,West Virginia State,West Liberty,6.3450175952296775,48.25101371104533,27.298015653137504,20.952998057907827,1,0,False,West Virginia State,6.3450175952296775,V1.3,4,5,3.278661394239035,50.80815908552386,27.04341023988145,23.764748845642412,West Virginia State
401908233,2026,5,regular,2026-10-03 17:30:00+00:00,Hanover,Mount St Joseph,6.346080711816531,48.21813086487192,27.282105788344225,20.93602507652769,0,0,False,Hanover,6.346080711816531,V1.3,4,5,0.0,48.000329911918335,24.000164955959168,24.000164955959168,Mount St Joseph
401908260,2026,5,regular,2026-10-03 17:30:00+00:00,Otterbein,Manchester,6.346080711816531,48.21813086487192,27.282105788344225,20.93602507652769,0,0,False,Otterbein,6.346080711816531,V1.3,4,5,0.0,48.000329911918335,24.000164955959168,24.000164955959168,Manchester
401908837,2026,5,regular,2026-10-03 17:30:00+00:00,Muskingum,Mount Union,6.346080711816531,48.21813086487192,27.282105788344225,20.93602507652769,0,0,False,Muskingum,6.346080711816531,V1.3,4,5,0.0,48.000329911918335,24.000164955959168,24.000164955959168,Mount Union
401908881,2026,5,regular,2026-10-03 17:30:00+00:00,Coast Guard,SUNY Maritime,6.346080711816531,48.21813086487192,27.282105788344225,20.93602507652769,0,0,False,Coast Guard,6.346080711816531,V1.3,4,5,0.0,48.000329911918335,24.000164955959168,24.000164955959168,SUNY Maritime
401908918,2026,5,regular,2026-10-03 17:30:00+00:00,Trinity (CT),Williams,6.346080711816531,48.21813086487192,27.282105788344225,20.93602507652769,0,0,False,Trinity (CT),6.346080711816531,V1.3,4,5,0.0,48.000329911918335,24.000164955959168,24.000164955959168,Williams
401866431,2026,5,regular,2026-10-03 18:00:00+00:00,Ball State,Toledo,6.186250053568963,46.79240282594407,26.489326439756518,20.303076386187552,4,4,True,Ball State,6.186250053568963,V1.3,4,5,-12.908373752132327,51.14633375318903,19.118980000528353,32.02735375266068,Toledo
401867869,2026,5,regular,2026-10-03 18:00:00+00:00,North Dakota,Murray State,6.125603405599097,47.36256904594134,26.744086225770214,20.618482820171124,5,5,True,North Dakota,6.125603405599097,V1.3,4,5,12.61166094569528,55.19445908476472,33.903060015230004,21.29139906953472,North Dakota
401867918,2026,5,regular,2026-10-03 18:00:00+00:00,Robert Morris,Norfolk State,6.429058530597684,47.86657397464258,27.14781625262013,20.71875772202245,4,5,True,Robert Morris,6.429058530597684,V1.3,4,5,-1.858706792922436,41.48028688810286,19.810790047590213,21.669496840512647,Norfolk State
401867986,2026,5,regular,2026-10-03 18:00:00+00:00,South Carolina State,The Citadel,6.181383272465867,47.86655187879417,27.023967575630017,20.842584303164152,5,4,True,South Carolina State,6.181383272465867,V1.3,4,5,10.767237317387632,42.88552843460463,26.82638287599613,16.0591455586085,South Carolina State
401868375,2026,5,regular,2026-10-03 18:00:00+00:00,Furman,Wofford,6.5112488226130605,48.28171145847232,27.39648014054269,20.885231317929627,5,5,True,Furman,6.5112488226130605,V1.3,4,5,-1.9418888489564567,37.51157768065005,17.784844415846795,19.726733264803254,Wofford
401873397,2026,5,regular,2026-10-03 18:00:00+00:00,Rockford,St. Norbert,6.346080711816531,48.21813086487192,27.282105788344225,20.93602507652769,0,0,False,Rockford,6.346080711816531,V1.3,4,5,0.0,48.000329911918335,24.000164955959168,24.000164955959168,St. Norbert
401906172,2026,5,regular,2026-10-03 18:00:00+00:00,Barton,Ferrum,6.346080711816531,48.21813086487192,27.282105788344225,20.93602507652769,0,0,False,Barton,6.346080711816531,V1.3,4,5,0.0,48.000329911918335,24.000164955959168,24.000164955959168,Ferrum
401906556,2026,5,regular,2026-10-03 18:00:00+00:00,Henderson State,Southwestern Oklahoma State,6.346080711816531,48.21813086487192,27.282105788344225,20.93602507652769,0,0,False,Henderson State,6.346080711816531,V1.3,4,5,0.0,48.000329911918335,24.000164955959168,24.000164955959168,Southwestern Oklahoma State
401906905,2026,5,regular,2026-10-03 18:00:00+00:00,Saginaw Valley State,Davenport,6.346080711816531,48.21813086487192,27.282105788344225,20.93602507652769,0,0,False,Saginaw Valley State,6.346080711816531,V1.3,4,5,0.0,48.000329911918335,24.000164955959168,24.000164955959168,Davenport
401906932,2026,5,regular,2026-10-03 18:00:00+00:00,Roosevelt,Michigan Tech,6.351265235193019,47.47588481543102,26.91357502531202,20.562309790119,1,0,False,Roosevelt,6.351265235193019,V1.3,4,5,3.278661394239035,50.80815908552386,27.04341023988145,23.764748845642412,Roosevelt
401906939,2026,5,regular,2026-10-03 18:00:00+00:00,Benedict,Clark Atlanta,6.554985020321288,48.26042804045073,27.40770653038601,20.85272151006472,0,1,False,Benedict,6.554985020321288,V1.3,4,5,-3.278661394239035,50.80815908552386,23.764748845642412,27.04341023988145,Clark Atlanta
401906960,2026,5,regular,2026-10-03 18:00:00+00:00,Edward Waters,Kentucky State,6.25268249707599,49.08500627162042,27.668844384348205,21.416161887272217,1,1,True,Edward Waters,6.25268249707599,V1.3,4,5,-8.944379040374503,46.84698770197758,18.95130433080154,27.89568337117604,Kentucky State
401907109,2026,5,regular,2026-10-03 18:00:00+00:00,Adams State,CSU Pueblo,6.346080711816531,48.21813086487192,27.282105788344225,20.93602507652769,0,0,False,Adams State,6.346080711816531,V1.3,4,5,0.0,48.000329911918335,24.000164955959168,24.000164955959168,CSU Pueblo
401907114,2026,5,regular,2026-10-03 18:00:00+00:00,Colorado School of Mines,Black Hills State,6.346080711816531,48.21813086487192,27.282105788344225,20.93602507652769,0,0,False,Colorado School of Mines,6.346080711816531,V1.3,4,5,0.0,48.000329911918335,24.000164955959168,24.000164955959168,Black Hills State
401907153,2026,5,regular,2026-10-03 18:00:00+00:00,Fort Lewis,South Dakota Mines,6.422998874016916,48.30323122546015,27.36311504973853,20.94011617572162,0,1,False,Fort Lewis,6.422998874016916,V1.3,4,5,-3.278661394239035,50.80815908552386,23.764748845642412,27.04341023988145,South Dakota Mines
401907198,2026,5,regular,2026-10-03 18:00:00+00:00,William Jewell,Indianapolis,6.346080711816531,48.21813086487192,27.282105788344225,20.93602507652769,0,0,False,William Jewell,6.346080711816531,V1.3,4,5,0.0,48.000329911918335,24.000164955959168,24.000164955959168,Indianapolis
401907208,2026,5,regular,2026-10-03 18:00:00+00:00,Southwest Baptist,Lincoln (MO),6.346080711816531,48.21813086487192,27.282105788344225,20.93602507652769,0,0,False,Southwest Baptist,6.346080711816531,V1.3,4,5,0.0,48.000329911918335,24.000164955959168,24.000164955959168,Lincoln (MO)
401907223,2026,5,regular,2026-10-03 18:00:00+00:00,Upper Iowa,Missouri S&T,6.346080711816531,48.21813086487192,27.282105788344225,20.93602507652769,0,0,False,Upper Iowa,6.346080711816531,V1.3,4,5,0.0,48.000329911918335,24.000164955959168,24.000164955959168,Missouri S&T
401907359,2026,5,regular,2026-10-03 18:00:00+00:00,Emporia State,Missouri Western,6.346080711816531,48.21813086487192,27.282105788344225,20.93602507652769,0,0,False,Emporia State,6.346080711816531,V1.3,4,5,0.0,48.000329911918335,24.000164955959168,24.000164955959168,Missouri Western
401907416,2026,5,regular,2026-10-03 18:00:00+00:00,Lenoir Rhyne,Carson Newman,6.346080711816531,48.21813086487192,27.282105788344225,20.93602507652769,0,0,False,Lenoir Rhyne,6.346080711816531,V1.3,4,5,0.0,48.000329911918335,24.000164955959168,24.000164955959168,Carson Newman
401907469,2026,5,regular,2026-10-03 18:00:00+00:00,Washington St. Louis,John Carroll,6.346080711816531,48.21813086487192,27.282105788344225,20.93602507652769,0,0,False,Washington St. Louis,6.346080711816531,V1.3,4,5,0.0,48.000329911918335,24.000164955959168,24.000164955959168,John Carroll
401907547,2026,5,regular,2026-10-03 18:00:00+00:00,Edinboro,IU Pennsylvania,6.346080711816531,48.21813086487192,27.282105788344225,20.93602507652769,0,0,False,Edinboro,6.346080711816531,V1.3,4,5,0.0,48.000329911918335,24.000164955959168,24.000164955959168,IU Pennsylvania
401907598,2026,5,regular,2026-10-03 18:00:00+00:00,Fairmont State,Glenville State,6.372977250457804,49.29577813712097,27.834377693789385,21.461400443331584,1,2,True,Fairmont State,6.372977250457804,V1.3,4,5,4.10355604362861,41.46629230896998,22.784924176299295,18.681368132670688,Fairmont State
401907708,2026,5,regular,2026-10-03 18:00:00+00:00,Augustana (SD),Sioux Falls,6.346080711816531,48.21813086487192,27.282105788344225,20.93602507652769,0,0,False,Augustana (SD),6.346080711816531,V1.3,4,5,0.0,48.000329911918335,24.000164955959168,24.000164955959168,Sioux Falls
401907730,2026,5,regular,2026-10-03 18:00:00+00:00,Wayne State (NE),Winona State,6.528755508871867,48.223495124991565,27.37612531693172,20.84736980805985,0,1,False,Wayne State (NE),6.528755508871867,V1.3,4,5,-3.278661394239035,50.80815908552386,23.764748845642412,27.04341023988145,Winona State
401907761,2026,5,regular,2026-10-03 18:00:00+00:00,Buena Vista,Simpson (IA),6.346080711816531,48.21813086487192,27.282105788344225,20.93602507652769,0,0,False,Buena Vista,6.346080711816531,V1.3,4,5,0.0,48.000329911918335,24.000164955959168,24.000164955959168,Simpson (IA)
401907783,2026,5,regular,2026-10-03 18:00:00+00:00,North Central College,Augustana (IL),6.346080711816531,48.21813086487192,27.282105788344225,20.93602507652769,0,0,False,North Central College,6.346080711816531,V1.3,4,5,0.0,48.000329911918335,24.000164955959168,24.000164955959168,Augustana (IL)
401907793,2026,5,regular,2026-10-03 18:00:00+00:00,Millikin,Carroll (WI),6.346080711816531,48.21813086487192,27.282105788344225,20.93602507652769,0,0,False,Millikin,6.346080711816531,V1.3,4,5,0.0,48.000329911918335,24.000164955959168,24.000164955959168,Carroll (WI)
401907820,2026,5,regular,2026-10-03 18:00:00+00:00,Illinois Wesleyan,Carthage,6.346080711816531,48.21813086487192,27.282105788344225,20.93602507652769,0,0,False,Illinois Wesleyan,6.346080711816531,V1.3,4,5,0.0,48.000329911918335,24.000164955959168,24.000164955959168,Carthage
401907849,2026,5,regular,2026-10-03 18:00:00+00:00,Wheaton (IL),North Park,6.346080711816531,48.21813086487192,27.282105788344225,20.93602507652769,0,0,False,Wheaton (IL),6.346080711816531,V1.3,4,5,0.0,48.000329911918335,24.000164955959168,24.000164955959168,North Park
401907888,2026,5,regular,2026-10-03 18:00:00+00:00,Wisconsin Whitewater,Wisconsin River Falls,6.346080711816531,48.21813086487192,27.282105788344225,20.93602507652769,0,0,False,Wisconsin Whitewater,6.346080711816531,V1.3,4,5,0.0,48.000329911918335,24.000164955959168,24.000164955959168,Wisconsin River Falls
401907980,2026,5,regular,2026-10-03 18:00:00+00:00,Wisconsin Eau Claire,Wisconsin Stevens Point,6.346080711816531,48.21813086487192,27.282105788344225,20.93602507652769,0,0,False,Wisconsin Eau Claire,6.346080711816531,V1.3,4,5,0.0,48.000329911918335,24.000164955959168,24.000164955959168,Wisconsin Stevens Point
401908021,2026,5,regular,2026-10-03 18:00:00+00:00,Wisconsin Oshkosh,Wisconsin La Crosse,6.346080711816531,48.21813086487192,27.282105788344225,20.93602507652769,0,0,False,Wisconsin Oshkosh,6.346080711816531,V1.3,4,5,0.0,48.000329911918335,24.000164955959168,24.000164955959168,Wisconsin La Crosse
401908144,2026,5,regular,2026-10-03 18:00:00+00:00,Central College,Dubuque,6.346080711816531,48.21813086487192,27.282105788344225,20.93602507652769,0,0,False,Central College,6.346080711816531,V1.3,4,5,0.0,48.000329911918335,24.000164955959168,24.000164955959168,Dubuque
401908151,2026,5,regular,2026-10-03 18:00:00+00:00,Coe,Loras,6.346080711816531,48.21813086487192,27.282105788344225,20.93602507652769,0,0,False,Coe,6.346080711816531,V1.3,4,5,0.0,48.000329911918335,24.000164955959168,24.000164955959168,Loras
401908226,2026,5,regular,2026-10-03 18:00:00+00:00,Rose Hulman,Franklin,6.590153421830425,48.5342071018265,27.562180261828463,20.97202683999804,0,1,False,Rose Hulman,6.590153421830425,V1.3,4,5,-3.278661394239035,50.80815908552386,23.764748845642412,27.04341023988145,Franklin
401908249,2026,5,regular,2026-10-03 18:00:00+00:00,Nebraska Wesleyan,Wartburg,6.346080711816531,48.21813086487192,27.282105788344225,20.93602507652769,0,0,False,Nebraska Wesleyan,6.346080711816531,V1.3,4,5,0.0,48.000329911918335,24.000164955959168,24.000164955959168,Wartburg
401908286,2026,5,regular,2026-10-03 18:00:00+00:00,Hardin Simmons,UFTL,6.346080711816531,48.21813086487192,27.282105788344225,20.93602507652769,0,0,False,Hardin Simmons,6.346080711816531,V1.3,4,5,0.0,48.000329911918335,24.000164955959168,24.000164955959168,UFTL
401908413,2026,5,regular,2026-10-03 18:00:00+00:00,Sewanee,Southwestern U,6.346080711816531,48.21813086487192,27.282105788344225,20.93602507652769,0,0,False,Sewanee,6.346080711816531,V1.3,4,5,0.0,48.000329911918335,24.000164955959168,24.000164955959168,Southwestern U
401908502,2026,5,regular,2026-10-03 18:00:00+00:00,Westminster (MO),Greenville,6.346080711816531,48.21813086487192,27.282105788344225,20.93602507652769,0,0,False,Westminster (MO),6.346080711816531,V1.3,4,5,0.0,48.000329911918335,24.000164955959168,24.000164955959168,Greenville
401908510,2026,5,regular,2026-10-03 18:00:00+00:00,Martin Luther,Northwestern (MN),6.346080711816531,48.21813086487192,27.282105788344225,20.93602507652769,0,0,False,Martin Luther,6.346080711816531,V1.3,4,5,0.0,48.000329911918335,24.000164955959168,24.000164955959168,Northwestern (MN)
401908541,2026,5,regular,2026-10-03 18:00:00+00:00,Nichols,Maine Maritime,6.346080711816531,48.21813086487192,27.282105788344225,20.93602507652769,0,0,False,Nichols,6.346080711816531,V1.3,4,5,0.0,48.000329911918335,24.000164955959168,24.000164955959168,Maine Maritime
401908745,2026,5,regular,2026-10-03 18:00:00+00:00,Olivet,Hope,6.346080711816531,48.21813086487192,27.282105788344225,20.93602507652769,0,0,False,Olivet,6.346080711816531,V1.3,4,5,0.0,48.000329911918335,24.000164955959168,24.000164955959168,Hope
401908750,2026,5,regular,2026-10-03 18:00:00+00:00,St. Olaf,Augsburg,6.346080711816531,48.21813086487192,27.282105788344225,20.93602507652769,0,0,False,St. Olaf,6.346080711816531,V1.3,4,5,0.0,48.000329911918335,24.000164955959168,24.000164955959168,Augsburg
401908761,2026,5,regular,2026-10-03 18:00:00+00:00,Lake Forest,Lawrence,6.346080711816531,48.21813086487192,27.282105788344225,20.93602507652769,0,0,False,Lake Forest,6.346080711816531,V1.3,4,5,0.0,48.000329911918335,24.000164955959168,24.000164955959168,Lawrence
401908774,2026,5,regular,2026-10-03 18:00:00+00:00,Grinnell,Knox,6.346080711816531,48.21813086487192,27.282105788344225,20.93602507652769,0,0,False,Grinnell,6.346080711816531,V1.3,4,5,0.0,48.000329911918335,24.000164955959168,24.000164955959168,Knox
401908779,2026,5,regular,2026-10-03 18:00:00+00:00,Luther,Illinois College,6.346080711816531,48.21813086487192,27.282105788344225,20.93602507652769,0,0,False,Luther,6.346080711816531,V1.3,4,5,0.0,48.000329911918335,24.000164955959168,24.000164955959168,Illinois College
401908799,2026,5,regular,2026-10-03 18:00:00+00:00,Saint John's (MN),Bethel (MN),6.346080711816531,48.21813086487192,27.282105788344225,20.93602507652769,0,0,False,Saint John's (MN),6.346080711816531,V1.3,4,5,0.0,48.000329911918335,24.000164955959168,24.000164955959168,Bethel (MN)
401908810,2026,5,regular,2026-10-03 18:00:00+00:00,Carleton,Gustavus Adolphus,6.346080711816531,48.21813086487192,27.282105788344225,20.93602507652769,0,0,False,Carleton,6.346080711816531,V1.3,4,5,0.0,48.000329911918335,24.000164955959168,24.000164955959168,Gustavus Adolphus
401908819,2026,5,regular,2026-10-03 18:00:00+00:00,St. Scholastica,Concordia (MN),6.346080711816531,48.21813086487192,27.282105788344225,20.93602507652769,0,0,False,St. Scholastica,6.346080711816531,V1.3,4,5,0.0,48.000329911918335,24.000164955959168,24.000164955959168,Concordia (MN)
401908874,2026,5,regular,2026-10-03 18:00:00+00:00,Hamline,Macalester,6.346080711816531,48.21813086487192,27.282105788344225,20.93602507652769,0,0,False,Hamline,6.346080711816531,V1.3,4,5,0.0,48.000329911918335,24.000164955959168,24.000164955959168,Macalester
401908967,2026,5,regular,2026-10-03 18:00:00+00:00,Wittenberg,Kenyon,6.346080711816531,48.21813086487192,27.282105788344225,20.93602507652769,0,0,False,Wittenberg,6.346080711816531,V1.3,4,5,0.0,48.000329911918335,24.000164955959168,24.000164955959168,Kenyon
401909144,2026,5,regular,2026-10-03 18:00:00+00:00,Ohio Wesleyan,Wooster,6.346080711816531,48.21813086487192,27.282105788344225,20.93602507652769,0,0,False,Ohio Wesleyan,6.346080711816531,V1.3,4,5,0.0,48.000329911918335,24.000164955959168,24.000164955959168,Wooster
401907957,2026,5,regular,2026-10-03 18:05:00+00:00,Wisconsin Stout,Wisconsin Platteville,6.346080711816531,48.21813086487192,27.282105788344225,20.93602507652769,0,0,False,Wisconsin Stout,6.346080711816531,V1.3,4,5,0.0,48.000329911918335,24.000164955959168,24.000164955959168,Wisconsin Platteville
401907432,2026,5,regular,2026-10-03 18:30:00+00:00,Mars Hill,Tusculum,6.432636940302808,47.951762329144366,27.192199634723583,20.75956269442078,0,1,False,Mars Hill,6.432636940302808,V1.3,4,5,-3.278661394239035,50.80815908552386,23.764748845642412,27.04341023988145,Tusculum
401866656,2026,5,regular,2026-10-03 19:00:00+00:00,Hampton,Howard,6.408565705648326,47.219797611530566,26.814181658589447,20.40561595294112,5,4,True,Hampton,6.408565705648326,V1.3,4,5,7.4606844238612915,40.7596936818187,24.11018905284,16.649504628978704,Hampton
401867859,2026,5,regular,2026-10-03 19:00:00+00:00,South Dakota,Indiana State,6.32595076309617,48.11112462705316,27.218537695074662,20.89258693197849,5,5,True,South Dakota,6.32595076309617,V1.3,4,5,5.803916191074668,54.600766800626616,30.202341495850643,24.398425304775973,South Dakota
401868359,2026,5,regular,2026-10-03 19:00:00+00:00,Grambling,Alcorn State,6.446704935547635,48.11903674849896,27.282870842023296,20.83616590647566,4,5,True,Grambling,6.446704935547635,V1.3,4,5,-1.426385263727407,52.57957618954311,25.576595462907854,27.002980726635258,Alcorn State
401868965,2026,5,regular,2026-10-03 19:00:00+00:00,Mississippi Valley State,Prairie View A&M,6.330094946005525,47.821389132258496,27.07574203913201,20.74564709312649,5,5,True,Mississippi Valley State,6.330094946005525,V1.3,4,5,-9.484976107855061,40.492314548466474,15.503669220305706,24.988645328160768,Prairie View A&M
401906519,2026,5,regular,2026-10-03 19:00:00+00:00,Southeastern Oklahoma State,Arkansas Tech,6.346080711816531,48.21813086487192,27.282105788344225,20.93602507652769,0,0,False,Southeastern Oklahoma State,6.346080711816531,V1.3,4,5,0.0,48.000329911918335,24.000164955959168,24.000164955959168,Arkansas Tech
401906529,2026,5,regular,2026-10-03 19:00:00+00:00,Southern Nazarene,Arkansas Monticello,6.346080711816531,48.21813086487192,27.282105788344225,20.93602507652769,0,0,False,Southern Nazarene,6.346080711816531,V1.3,4,5,0.0,48.000329911918335,24.000164955959168,24.000164955959168,Arkansas Monticello
401906539,2026,5,regular,2026-10-03 19:00:00+00:00,East Central,Harding,6.346080711816531,48.21813086487192,27.282105788344225,20.93602507652769,0,0,False,East Central,6.346080711816531,V1.3,4,5,0.0,48.000329911918335,24.000164955959168,24.000164955959168,Harding
401906561,2026,5,regular,2026-10-03 19:00:00+00:00,Southern Arkansas,Northwestern (OK),6.346080711816531,48.21813086487192,27.282105788344225,20.93602507652769,0,0,False,Southern Arkansas,6.346080711816531,V1.3,4,5,0.0,48.000329911918335,24.000164955959168,24.000164955959168,Northwestern (OK)
401906568,2026,5,regular,2026-10-03 19:00:00+00:00,Oklahoma Baptist,Ouachita Baptist,6.346080711816531,48.21813086487192,27.282105788344225,20.93602507652769,0,0,False,Oklahoma Baptist,6.346080711816531,V1.3,4,5,0.0,48.000329911918335,24.000164955959168,24.000164955959168,Ouachita Baptist
401906883,2026,5,regular,2026-10-03 19:00:00+00:00,Grand Valley State,Wayne State (MI),6.346080711816531,48.21813086487192,27.282105788344225,20.93602507652769,0,0,False,Grand Valley State,6.346080711816531,V1.3,4,5,0.0,48.000329911918335,24.000164955959168,24.000164955959168,Wayne State (MI)
401907300,2026,5,regular,2026-10-03 19:00:00+00:00,Midwestern State,Western Oregon,6.346080711816531,48.21813086487192,27.282105788344225,20.93602507652769,0,0,False,Midwestern State,6.346080711816531,V1.3,4,5,0.0,48.000329911918335,24.000164955959168,24.000164955959168,Western Oregon
401907325,2026,5,regular,2026-10-03 19:00:00+00:00,Miles,Lane College,6.5411501569699055,46.86190480018669,26.7015274785783,20.160377321608397,2,1,True,Miles,6.5411501569699055,V1.3,4,5,0.5867122891920686,42.71043844999717,21.64857536959462,21.06186308040255,Miles
401907383,2026,5,regular,2026-10-03 19:00:00+00:00,Nebraska Kearney,Pittsburg State,6.346080711816531,48.21813086487192,27.282105788344225,20.93602507652769,0,0,False,Nebraska Kearney,6.346080711816531,V1.3,4,5,0.0,48.000329911918335,24.000164955959168,24.000164955959168,Pittsburg State
401907680,2026,5,regular,2026-10-03 19:00:00+00:00,Minot State,Minnesota St Moorhead,6.346080711816531,48.21813086487192,27.282105788344225,20.93602507652769,0,0,False,Minot State,6.346080711816531,V1.3,4,5,0.0,48.000329911918335,24.000164955959168,24.000164955959168,Minnesota St Moorhead
401907694,2026,5,regular,2026-10-03 19:00:00+00:00,University of Mary,Jamestown,6.346080711816531,48.21813086487192,27.282105788344225,20.93602507652769,0,0,False,University of Mary,6.346080711816531,V1.3,4,5,0.0,48.000329911918335,24.000164955959168,24.000164955959168,Jamestown
401907712,2026,5,regular,2026-10-03 19:00:00+00:00,Minnesota State,Concordia St. Paul,6.346080711816531,48.21813086487192,27.282105788344225,20.93602507652769,0,0,False,Minnesota State,6.346080711816531,V1.3,4,5,0.0,48.000329911918335,24.000164955959168,24.000164955959168,Concordia St. Paul
401908653,2026,5,regular,2026-10-03 19:00:00+00:00,Adrian,Calvin,6.346080711816531,48.21813086487192,27.282105788344225,20.93602507652769,0,0,False,Adrian,6.346080711816531,V1.3,4,5,0.0,48.000329911918335,24.000164955959168,24.000164955959168,Calvin
401908727,2026,5,regular,2026-10-03 19:00:00+00:00,Cornell (IA),Ripon,6.346080711816531,48.21813086487192,27.282105788344225,20.93602507652769,0,0,False,Cornell (IA),6.346080711816531,V1.3,4,5,0.0,48.000329911918335,24.000164955959168,24.000164955959168,Ripon
401908981,2026,5,regular,2026-10-03 19:00:00+00:00,The College of New Jersey,Salisbury,6.346080711816531,48.21813086487192,27.282105788344225,20.93602507652769,0,0,False,The College of New Jersey,6.346080711816531,V1.3,4,5,0.0,48.000329911918335,24.000164955959168,24.000164955959168,Salisbury
401909102,2026,5,regular,2026-10-03 19:00:00+00:00,Concordia (WI),Concordia Chicago,6.346080711816531,48.21813086487192,27.282105788344225,20.93602507652769,0,0,False,Concordia (WI),6.346080711816531,V1.3,4,5,0.0,48.000329911918335,24.000164955959168,24.000164955959168,Concordia Chicago
401856708,2026,5,regular,2026-10-03 19:30:00+00:00,Missouri,Florida,6.323098660426561,48.14434960119024,27.2337241308084,20.91062547038184,4,4,True,Missouri,6.323098660426561,V1.3,4,5,-5.025631649949895,48.83337127346888,21.903869811759492,26.929501461709386,Florida
401856710,2026,5,regular,2026-10-03 19:30:00+00:00,Tennessee,Auburn,6.1952668183292925,47.60780320489138,26.90153501161034,20.706268193281044,4,4,True,Tennessee,6.1952668183292925,V1.3,4,5,5.418210601072517,46.480812159001225,25.94951138003687,20.531300778964354,Tennessee
401858247,2026,5,regular,2026-10-03 19:30:00+00:00,UNLV,California,6.476917615291903,47.30819910419349,26.892558359742694,20.41564074445079,4,4,True,UNLV,6.476917615291903,V1.3,4,5,-2.77045797727794,49.072774706201066,23.151158364461562,25.921616341739504,California
401858248,2026,5,regular,2026-10-03 19:30:00+00:00,NC State,Louisville,6.008004511525681,49.47939131458928,27.74369791305748,21.7356934015318,4,4,True,NC State,6.008004511525681,V1.3,4,5,-0.09924854877227754,52.70003791296462,26.30039468209617,26.39964323086845,Louisville
401858253,2026,5,regular,2026-10-03 19:30:00+00:00,Florida State,Virginia,6.497037732843402,47.73532308602677,27.11618040943509,20.61914267659169,4,4,True,Florida State,6.497037732843402,V1.3,4,5,-7.209154426380926,56.367241612865485,24.57904359324228,31.788198019623206,Virginia
401858473,2026,5,regular,2026-10-03 19:30:00+00:00,Iowa,Ohio State,6.36668273710257,47.085455269864006,26.72606900348329,20.35938626638072,4,4,True,Iowa,6.36668273710257,V1.3,4,5,-2.9913940421934484,47.28440746844138,22.146506713123966,25.137900755317414,Ohio State
401862787,2026,5,regular,2026-10-03 19:30:00+00:00,Charlotte,Memphis,6.502733743430908,47.75040951346449,27.1265716284477,20.62383788501679,4,4,True,Charlotte,6.502733743430908,V1.3,4,5,-11.185837541873799,50.15881180890509,19.486487133515645,30.672324675389447,Memphis
401862793,2026,5,regular,2026-10-03 19:30:00+00:00,UAB,Samford,6.186581041493553,46.75110290430408,26.46884197289881,20.28226093140526,4,4,True,UAB,6.186581041493553,V1.3,4,5,-0.22262256794967766,41.288863805417535,20.53312061873393,20.755743186683606,Samford
401864515,2026,5,regular,2026-10-03 19:30:00+00:00,North Dakota State,Wyoming,6.259176824513683,46.99406271706692,26.6266197707903,20.36744294627662,4,4,True,North Dakota State,6.259176824513683,V1.3,4,5,4.407284621652421,51.9460192689685,28.17665194531046,23.769367323658038,North Dakota State
401866430,2026,5,regular,2026-10-03 19:30:00+00:00,Central Michigan,Akron,6.3079584025573725,47.06460764079641,26.686283021676893,20.37832461911952,4,4,True,Central Michigan,6.3079584025573725,V1.3,4,5,-6.808741984054939,45.28432128661547,19.237789651280266,26.046531635335207,Akron
401866433,2026,5,regular,2026-10-03 19:30:00+00:00,Massachusetts,Eastern Michigan,6.417145089644143,46.588978884217966,26.50306198693105,20.08591689728691,4,5,True,Massachusetts,6.417145089644143,V1.3,4,5,11.481220541690451,44.160715522552074,27.820968032121264,16.33974749043081,Massachusetts
401866434,2026,5,regular,2026-10-03 19:30:00+00:00,Kent State,Ohio,6.575440669125141,46.768843996593134,26.67214233285914,20.096701663733995,4,4,True,Kent State,6.575440669125141,V1.3,4,5,-10.28415288872045,47.124837891768806,18.42034250152418,28.704495390244627,Ohio
401866477,2026,5,regular,2026-10-03 19:30:00+00:00,Miami (OH),Bowling Green,6.359375232632191,46.966478780678905,26.662927006655547,20.30355177402336,4,4,True,Miami (OH),6.359375232632191,V1.3,4,5,12.885208591833507,51.97249127372413,32.42884993277882,19.543641340945314,Miami (OH)
401866652,2026,5,regular,2026-10-03 19:30:00+00:00,Maine,Sacred Heart,6.207146838074159,46.48753731031641,26.34734207419529,20.140195236121126,5,4,True,Maine,6.207146838074159,V1.3,4,5,-6.4041871954249086,42.87987491669597,18.23784386063553,24.64203105606044,Sacred Heart
401866655,2026,5,regular,2026-10-03 19:30:00+00:00,UAlbany,Delaware State,6.572342562392265,46.8429672580519,26.70765491022208,20.135312347829817,5,5,True,UAlbany,6.572342562392265,V1.3,4,5,3.3525686251204636,46.38573071368586,24.86914966940316,21.5165810442827,UAlbany
401868025,2026,5,regular,2026-10-03 19:30:00+00:00,William & Mary,Holy Cross,6.656400731238647,48.882840180304285,27.769620455771467,21.11321972453282,5,5,True,William & Mary,6.656400731238647,V1.3,4,5,0.6123262710514018,52.75704929392588,26.68468778248864,26.07236151143724,William & Mary
401868339,2026,5,regular,2026-10-03 19:30:00+00:00,East Tennessee State,Chattanooga,6.256384636101976,46.92181243014663,26.589098533124304,20.332713897022327,5,5,True,East Tennessee State,6.256384636101976,V1.3,4,5,2.6394823133785374,45.28033569779646,23.959909005587498,21.32042669220896,East Tennessee State
401869956,2026,5,regular,2026-10-03 19:30:00+00:00,Georgia State,Old Dominion,6.309974189723328,47.50327002502791,26.906622107375615,20.59664791765229,4,4,True,Georgia State,6.309974189723328,V1.3,4,5,9.760633639757506,43.150495998553836,26.455564819155672,16.694931179398164,Georgia State
401869962,2026,5,regular,2026-10-03 19:45:00+00:00,James Madison,Marshall,6.646492626445851,47.841527224243,27.24400992534442,20.597517298898573,4,4,True,James Madison,6.646492626445851,V1.3,4,5,13.231054402522265,55.32962083944196,34.28033762098211,21.04928321845985,James Madison
401858475,2026,5,regular,2026-10-03 20:00:00+00:00,Nebraska,Maryland,5.981005690656661,47.43304471792096,26.70702520428881,20.726019513632156,4,4,True,Nebraska,5.981005690656661,V1.3,4,5,8.87627815202075,46.09863737586983,27.48745776394529,18.611179611924538,Nebraska
401864514,2026,5,regular,2026-10-03 20:00:00+00:00,New Mexico,UTEP,6.213148700956345,46.59471284762556,26.403930774290952,20.190782073334606,4,4,True,New Mexico,6.213148700956345,V1.3,4,5,10.012431918452464,46.95793456080321,28.485183239627837,18.472751321175373,New Mexico
401868114,2026,5,regular,2026-10-03 20:00:00+00:00,Montana,Northern Colorado,5.814599284263771,47.69679933618949,26.755699310226632,20.94110002596286,5,5,True,Montana,5.814599284263771,V1.3,4,5,2.395505949701904,47.95504306317683,25.17527450643937,22.779768556737462,Montana
401868197,2026,5,regular,2026-10-03 20:00:00+00:00,Western Illinois,Tennessee State,6.274416845100162,46.82886637434187,26.551641609721017,20.27722476462085,5,4,True,Western Illinois,6.274416845100162,V1.3,4,5,12.515647060589206,39.342684328943996,25.929165694766603,13.413518634177395,Western Illinois
401868220,2026,5,regular,2026-10-03 20:00:00+00:00,San Diego,Davidson,5.548655533909249,48.86195707402158,27.20530630396541,21.656650770056167,4,5,True,San Diego,5.548655533909249,V1.3,4,5,-2.3863268520351806,54.567135820500276,26.090404484232547,28.47673133626773,Davidson
401868328,2026,5,regular,2026-10-03 20:00:00+00:00,Bethune-Cookman,Alabama State,6.089584117026557,47.9367750553304,27.01317958617848,20.923595469151923,4,4,True,Bethune-Cookman,6.089584117026557,V1.3,4,5,-3.0546749763248378,42.80461222081621,19.874968622245685,22.929643598570525,Alabama State
401873231,2026,5,regular,2026-10-03 20:00:00+00:00,Puget Sound,Lewis & Clark,6.346080711816531,48.21813086487192,27.282105788344225,20.93602507652769,0,0,False,Puget Sound,6.346080711816531,V1.3,4,5,0.0,48.000329911918335,24.000164955959168,24.000164955959168,Lewis & Clark
401906189,2026,5,regular,2026-10-03 20:00:00+00:00,Valdosta State,Erskine,6.346080711816531,48.21813086487192,27.282105788344225,20.93602507652769,0,0,False,Valdosta State,6.346080711816531,V1.3,4,5,0.0,48.000329911918335,24.000164955959168,24.000164955959168,Erskine
401907214,2026,5,regular,2026-10-03 20:00:00+00:00,McKendree,Quincy,6.346080711816531,48.21813086487192,27.282105788344225,20.93602507652769,0,0,False,McKendree,6.346080711816531,V1.3,4,5,0.0,48.000329911918335,24.000164955959168,24.000164955959168,Quincy
401907520,2026,5,regular,2026-10-03 20:00:00+00:00,Seton Hill,California (PA),6.346080711816531,48.21813086487192,27.282105788344225,20.93602507652769,0,0,False,Seton Hill,6.346080711816531,V1.3,4,5,0.0,48.000329911918335,24.000164955959168,24.000164955959168,California (PA)
401907647,2026,5,regular,2026-10-03 20:00:00+00:00,Southwest Minnesota State,Minnesota Duluth,6.346080711816531,48.21813086487192,27.282105788344225,20.93602507652769,0,0,False,Southwest Minnesota State,6.346080711816531,V1.3,4,5,0.0,48.000329911918335,24.000164955959168,24.000164955959168,Minnesota Duluth
401908294,2026,5,regular,2026-10-03 20:00:00+00:00,Howard Payne,Nelson (TX),6.346080711816531,48.21813086487192,27.282105788344225,20.93602507652769,0,0,False,Howard Payne,6.346080711816531,V1.3,4,5,0.0,48.000329911918335,24.000164955959168,24.000164955959168,Nelson (TX)
401908395,2026,5,regular,2026-10-03 20:00:00+00:00,Linfield,George Fox,6.346080711816531,48.21813086487192,27.282105788344225,20.93602507652769,0,0,False,Linfield,6.346080711816531,V1.3,4,5,0.0,48.000329911918335,24.000164955959168,24.000164955959168,George Fox
401908423,2026,5,regular,2026-10-03 20:00:00+00:00,Whitworth,Pacific (OR),6.346080711816531,48.21813086487192,27.282105788344225,20.93602507652769,0,0,False,Whitworth,6.346080711816531,V1.3,4,5,0.0,48.000329911918335,24.000164955959168,24.000164955959168,Pacific (OR)
401908436,2026,5,regular,2026-10-03 20:00:00+00:00,Claremont Mudd Scripps,Cal Lutheran,6.346080711816531,48.21813086487192,27.282105788344225,20.93602507652769,0,0,False,Claremont Mudd Scripps,6.346080711816531,V1.3,4,5,0.0,48.000329911918335,24.000164955959168,24.000164955959168,Cal Lutheran
401908549,2026,5,regular,2026-10-03 20:00:00+00:00,Austin,Centenary (LA),6.346080711816531,48.21813086487192,27.282105788344225,20.93602507652769,0,0,False,Austin,6.346080711816531,V1.3,4,5,0.0,48.000329911918335,24.000164955959168,24.000164955959168,Centenary (LA)
401908582,2026,5,regular,2026-10-03 20:00:00+00:00,Bridgewater State,Worcester State,6.346080711816531,48.21813086487192,27.282105788344225,20.93602507652769,0,0,False,Bridgewater State,6.346080711816531,V1.3,4,5,0.0,48.000329911918335,24.000164955959168,24.000164955959168,Worcester State
401908986,2026,5,regular,2026-10-03 20:00:00+00:00,Washington and Lee,Averett,6.346080711816531,48.21813086487192,27.282105788344225,20.93602507652769,0,0,False,Washington and Lee,6.346080711816531,V1.3,4,5,0.0,48.000329911918335,24.000164955959168,24.000164955959168,Averett
401856709,2026,5,regular,2026-10-03 20:15:00+00:00,South Carolina,Kentucky,6.36544735257054,47.40952619526559,26.887486773918067,20.522039421347525,4,4,True,South Carolina,6.36544735257054,V1.3,4,5,3.7345167531474868,57.39593820040503,30.565227476776258,26.83071072362877,South Carolina
401858472,2026,5,regular,2026-10-03 20:15:00+00:00,Illinois,Purdue,6.070762255128919,47.39741466980558,26.73408846246725,20.66332620733833,4,4,True,Illinois,6.070762255128919,V1.3,4,5,6.922868898286195,58.4883198435528,32.7055943709195,25.782725472633302,Illinois
401867891,2026,5,regular,2026-10-03 21:00:00+00:00,Southern Illinois,Youngstown State,6.208766603798954,47.40747189577774,26.808119249788348,20.59935264598939,5,5,True,Southern Illinois,6.208766603798954,V1.3,4,5,-5.709445200966588,54.204448507598926,24.24750165331617,29.956946854282755,Youngstown State
401868064,2026,5,regular,2026-10-03 21:00:00+00:00,Austin Peay,New Haven,6.534598927684433,46.68146178602746,26.60803035685595,20.073431429171517,5,5,True,Austin Peay,6.534598927684433,V1.3,4,5,10.109125116115514,43.000222722724615,26.554673919420065,16.44554880330455,Austin Peay
401868295,2026,5,regular,2026-10-03 21:00:00+00:00,Jackson State,Alabama A&M,6.041051900657055,46.93690417561601,26.48897803813653,20.44792613747948,4,5,True,Jackson State,6.041051900657055,V1.3,4,5,1.6022465124128973,45.211897044448556,23.407071778430726,21.80482526601783,Jackson State
401873406,2026,5,regular,2026-10-03 21:00:00+00:00,Montclair State,Kean,6.346080711816531,48.21813086487192,27.282105788344225,20.93602507652769,0,0,False,Montclair State,6.346080711816531,V1.3,4,5,0.0,48.000329911918335,24.000164955959168,24.000164955959168,Kean
401906179,2026,5,regular,2026-10-03 21:00:00+00:00,West Alabama,Chowan,6.346080711816531,48.21813086487192,27.282105788344225,20.93602507652769,0,0,False,West Alabama,6.346080711816531,V1.3,4,5,0.0,48.000329911918335,24.000164955959168,24.000164955959168,Chowan
401908279,2026,5,regular,2026-10-03 21:00:00+00:00,Louisiana Christian,East Texas Baptist,6.507174701232547,48.16856870254666,27.337871701889604,20.830697000657054,2,0,False,Louisiana Christian,6.507174701232547,V1.3,4,5,7.077657213432217,50.55371413111814,28.81568567227518,21.73802845884296,Louisiana Christian
401908544,2026,5,regular,2026-10-03 21:00:00+00:00,Texas Lutheran,Lyon,6.346080711816531,48.21813086487192,27.282105788344225,20.93602507652769,0,0,False,Texas Lutheran,6.346080711816531,V1.3,4,5,0.0,48.000329911918335,24.000164955959168,24.000164955959168,Lyon
401860899,2026,5,regular,2026-10-03 22:00:00+00:00,Colorado State,Oregon State,6.023087237466988,47.96409843856122,26.993592838014106,20.97050560054712,4,4,True,Colorado State,6.023087237466988,V1.3,4,5,-0.9073993829746027,52.6906992346663,25.891649925845847,26.79904930882045,Oregon State
401862790,2026,5,regular,2026-10-03 22:00:00+00:00,Florida Atlantic,Texas Southern,6.387243556529987,48.18780721136565,27.28752538394782,20.90028182741783,4,4,True,Florida Atlantic,6.387243556529987,V1.3,4,5,9.628388771476423,58.11794106917708,33.87316492032675,24.244776148850328,Florida Atlantic
401866653,2026,5,regular,2026-10-03 22:00:00+00:00,Bryant,North Carolina A&T,6.47391853438125,47.188086045539926,26.831002289960587,20.35708375557934,4,5,True,Bryant,6.47391853438125,V1.3,4,5,5.213930482739535,43.96493369344288,24.589432088091208,19.375501605351673,Bryant
401866657,2026,5,regular,2026-10-03 22:00:00+00:00,North Carolina Central,Campbell,6.53908013737557,47.8739320461425,27.206506091759035,20.667425954383464,5,5,True,North Carolina Central,6.53908013737557,V1.3,4,5,-5.780212953438605,47.36142264651535,20.790604846538372,26.57081779997698,Campbell
401868143,2026,5,regular,2026-10-03 22:00:00+00:00,Eastern Kentucky,North Alabama,6.496003686100515,47.40134649939302,26.948675092746768,20.452671406646253,4,5,True,Eastern Kentucky,6.496003686100515,V1.3,4,5,-4.890434120530896,44.26468919677474,19.68712753812192,24.57756165865282,North Alabama
401868173,2026,5,regular,2026-10-03 22:00:00+00:00,Charleston Southern,Gardner-Webb,6.585040817560235,46.75854790033877,26.6717943589495,20.086753541389267,4,5,True,Charleston Southern,6.585040817560235,V1.3,4,5,-0.7674710983107293,40.76485871762954,19.998693809659404,20.766164907970133,Gardner-Webb
401868309,2026,5,regular,2026-10-03 22:00:00+00:00,Stephen F. Austin,Incarnate Word,6.2732099602634,48.43723893730035,27.355224448781875,21.082014488518475,5,4,True,Stephen F. Austin,6.2732099602634,V1.3,4,5,4.73491090764538,49.13078704206457,26.932848974854974,22.197938067209595,Stephen F. Austin
401868391,2026,5,regular,2026-10-03 22:00:00+00:00,Western Carolina,Tennessee Tech,6.523963539143057,48.41030928216891,27.467136410655986,20.943172871512928,5,4,True,Western Carolina,6.523963539143057,V1.3,4,5,-7.7120713985878595,48.250928786453294,20.269428693932717,27.981500092520577,Tennessee Tech
401906591,2026,5,regular,2026-10-03 22:00:00+00:00,Northeastern State,UT Permian Basin,6.305192389005028,48.06584435150623,27.18551837025563,20.8803259812506,2,1,True,Northeastern State,6.305192389005028,V1.3,4,5,9.319261080714757,51.315472655316285,30.31736686801552,20.998105787300766,Northeastern State
401906923,2026,5,regular,2026-10-03 22:00:00+00:00,Savannah State,Allen,6.439105833943344,49.3252153224722,27.88216057820777,21.443054744264423,1,0,False,Savannah State,6.439105833943344,V1.3,4,5,3.278661394239035,50.80815908552386,27.04341023988145,23.764748845642412,Savannah State
401907407,2026,5,regular,2026-10-03 22:00:00+00:00,Catawba,Wingate,6.346080711816531,48.21813086487192,27.282105788344225,20.93602507652769,0,0,False,Catawba,6.346080711816531,V1.3,4,5,0.0,48.000329911918335,24.000164955959168,24.000164955959168,Wingate
401907555,2026,5,regular,2026-10-03 22:00:00+00:00,Slippery Rock,Gannon,6.346080711816531,48.21813086487192,27.282105788344225,20.93602507652769,0,0,False,Slippery Rock,6.346080711816531,V1.3,4,5,0.0,48.000329911918335,24.000164955959168,24.000164955959168,Gannon
401907875,2026,5,regular,2026-10-03 22:00:00+00:00,Brockport,St. John Fisher,6.346080711816531,48.21813086487192,27.282105788344225,20.93602507652769,0,0,False,Brockport,6.346080711816531,V1.3,4,5,0.0,48.000329911918335,24.000164955959168,24.000164955959168,St. John Fisher
401908051,2026,5,regular,2026-10-03 22:00:00+00:00,Greensboro,Southern Virginia,6.346080711816531,48.21813086487192,27.282105788344225,20.93602507652769,0,0,False,Greensboro,6.346080711816531,V1.3,4,5,0.0,48.000329911918335,24.000164955959168,24.000164955959168,Southern Virginia
401908389,2026,5,regular,2026-10-03 22:00:00+00:00,Millsaps,Rhodes,6.346080711816531,48.21813086487192,27.282105788344225,20.93602507652769,0,0,False,Millsaps,6.346080711816531,V1.3,4,5,0.0,48.000329911918335,24.000164955959168,24.000164955959168,Rhodes
401909029,2026,5,regular,2026-10-03 22:00:00+00:00,Grove City,Bethany (WV),6.346080711816531,48.21813086487192,27.282105788344225,20.93602507652769,0,0,False,Grove City,6.346080711816531,V1.3,4,5,0.0,48.000329911918335,24.000164955959168,24.000164955959168,Bethany (WV)
401909049,2026,5,regular,2026-10-03 22:00:00+00:00,Hiram,Saint Francis,6.346080711816531,48.21813086487192,27.282105788344225,20.93602507652769,0,0,False,Hiram,6.346080711816531,V1.3,4,5,0.0,48.000329911918335,24.000164955959168,24.000164955959168,Saint Francis
401909120,2026,5,regular,2026-10-03 22:00:00+00:00,Wisconsin Lutheran,Eureka,6.346080711816531,48.21813086487192,27.282105788344225,20.93602507652769,0,0,False,Wisconsin Lutheran,6.346080711816531,V1.3,4,5,0.0,48.000329911918335,24.000164955959168,24.000164955959168,Eureka
401856711,2026,5,regular,2026-10-03 23:00:00+00:00,Texas A&M,Arkansas,6.563008358522203,47.3000907177344,26.9315495381283,20.368541179606098,4,4,True,Texas A&M,6.563008358522203,V1.3,4,5,4.6433248359986,47.02927925203231,25.836302044015454,21.192977208016856,Texas A&M
401856818,2026,5,regular,2026-10-03 23:00:00+00:00,TCU,BYU,6.190493579957775,46.82495161151157,26.507722595734677,20.3172290157769,4,3,True,TCU,6.190493579957775,V1.3,4,5,-7.14063792710998,47.005303400348616,19.93233273661932,27.072970663729297,BYU
401862788,2026,5,regular,2026-10-03 23:00:00+00:00,Rice,UTSA,6.343655721188624,47.09238432816475,26.718020024676687,20.37436430348806,4,4,True,Rice,6.343655721188624,V1.3,4,5,-4.035919303483265,52.305833233936646,24.134956965226692,28.170876268709954,UTSA
401867688,2026,5,regular,2026-10-03 23:00:00+00:00,Tarleton State,Chicago State,6.24425485566263,48.55852015289652,27.401387504279576,21.157132648616944,4,5,True,Tarleton State,6.24425485566263,V1.3,4,5,11.319480647418175,55.47404235009525,33.39676149875672,22.07728085133854,Tarleton State
401867840,2026,5,regular,2026-10-03 23:00:00+00:00,Harvard,Colgate,6.208386355365698,46.90112696701991,26.5547566611928,20.346370305827104,2,5,True,Harvard,6.208386355365698,V1.3,4,5,-5.282138934663349,42.117291378303804,18.417576221820227,23.699715156483578,Colgate
401867848,2026,5,regular,2026-10-03 23:00:00+00:00,Illinois State,South Dakota State,6.042505057544841,47.37399063360211,26.70824784557348,20.665742788028638,4,5,True,Illinois State,6.042505057544841,V1.3,4,5,-3.4486989803654255,54.910478277019095,25.730889648326833,29.17958862869226,South Dakota State
401868248,2026,5,regular,2026-10-03 23:00:00+00:00,East Texas A&M,UT Rio Grande Valley,6.562286717867155,48.62428540579505,27.5932860618311,21.03099934396395,5,4,True,East Texas A&M,6.562286717867155,V1.3,4,5,-9.642074086593912,46.675126771398126,18.51652634240211,28.158600428996017,UT Rio Grande Valley
401868936,2026,5,regular,2026-10-03 23:00:00+00:00,Southern,Arkansas-Pine Bluff,6.708253424224794,48.171016441647446,27.43963493293612,20.731381508711326,5,4,True,Southern,6.708253424224794,V1.3,4,5,-2.72233884077864,54.51808424179902,25.89787270051019,28.620211541288832,Arkansas-Pine Bluff
401869131,2026,5,regular,2026-10-03 23:00:00+00:00,Lamar,Northwestern State,6.332487350957827,47.81020756763583,27.071347459296828,20.738860108339,4,5,True,Lamar,6.332487350957827,V1.3,4,5,8.115915683411322,44.79323830569734,26.454576994554333,18.33866131114301,Lamar
401869151,2026,5,regular,2026-10-03 23:00:00+00:00,Houston Christian,Nicholls,6.692013651411167,47.9997717895122,27.345892720461684,20.65387906905052,5,5,True,Houston Christian,6.692013651411167,V1.3,4,5,6.676468752732049,40.61930724572074,23.647887999226395,16.971419246494346,Houston Christian
401869942,2026,5,regular,2026-10-03 23:00:00+00:00,Coastal Carolina,Georgia Southern,6.294538619985921,47.61406119937633,26.95429990968113,20.659761289695204,4,4,True,Coastal Carolina,6.294538619985921,V1.3,4,5,0.04818590373027963,46.676291010907725,23.362238457319002,23.314052553588724,Coastal Carolina
401871089,2026,5,regular,2026-10-03 23:00:00+00:00,South Alabama,UL Monroe,6.240237453576461,48.05782283527892,27.14903014442769,20.90879269085123,4,4,True,South Alabama,6.240237453576461,V1.3,4,5,8.855513154289573,53.56495262468858,31.210232889489077,22.354719735199502,South Alabama
401906207,2026,5,regular,2026-10-03 23:00:00+00:00,Delta State,Shorter,6.2780160740965485,47.850869194127945,27.064442634112247,20.7864265600157,1,0,False,Delta State,6.2780160740965485,V1.3,4,5,3.278661394239035,50.80815908552386,27.04341023988145,23.764748845642412,Delta State
401906614,2026,5,regular,2026-10-03 23:00:00+00:00,Mary Hardin Baylor,Keystone,6.346080711816531,48.21813086487192,27.282105788344225,20.93602507652769,0,0,False,Mary Hardin Baylor,6.346080711816531,V1.3,4,5,0.0,48.000329911918335,24.000164955959168,24.000164955959168,Keystone
401906624,2026,5,regular,2026-10-03 23:00:00+00:00,Thomas More,Walsh,6.273183440829009,48.779045810749,27.526114625789003,21.252931184959994,1,0,False,Thomas More,6.273183440829009,V1.3,4,5,3.278661394239035,50.80815908552386,27.04341023988145,23.764748845642412,Thomas More
401907278,2026,5,regular,2026-10-03 23:00:00+00:00,Angelo State,Central Washington,6.589910455394488,48.27191707648265,27.43091376593857,20.84100331054408,0,1,False,Angelo State,6.589910455394488,V1.3,4,5,-3.278661394239035,50.80815908552386,23.764748845642412,27.04341023988145,Central Washington
401907294,2026,5,regular,2026-10-03 23:00:00+00:00,Morehouse,Tuskegee,7.103093244465957,48.49221359572647,27.79765342009621,20.69456017563025,1,1,True,Morehouse,7.103093244465957,V1.3,4,5,7.323095756526696,38.186372429530294,22.754734093028496,15.431638336501798,Morehouse
401907458,2026,5,regular,2026-10-03 23:00:00+00:00,Newberry,UVA Wise,6.311595064251891,48.264677925688645,27.288136494970267,20.976541430718378,0,1,False,Newberry,6.311595064251891,V1.3,4,5,-3.278661394239035,50.80815908552386,23.764748845642412,27.04341023988145,UVA Wise
401907638,2026,5,regular,2026-10-03 23:00:00+00:00,Northern State,Bemidji State,6.346080711816531,48.21813086487192,27.282105788344225,20.93602507652769,0,0,False,Northern State,6.346080711816531,V1.3,4,5,0.0,48.000329911918335,24.000164955959168,24.000164955959168,Bemidji State
401908105,2026,5,regular,2026-10-03 23:00:00+00:00,Centre,Maryville (TN),6.346080711816531,48.21813086487192,27.282105788344225,20.93602507652769,0,0,False,Centre,6.346080711816531,V1.3,4,5,0.0,48.000329911918335,24.000164955959168,24.000164955959168,Maryville (TN)
401908329,2026,5,regular,2026-10-03 23:00:00+00:00,Schreiner,Hendrix,6.346080711816531,48.21813086487192,27.282105788344225,20.93602507652769,0,0,False,Schreiner,6.346080711816531,V1.3,4,5,0.0,48.000329911918335,24.000164955959168,24.000164955959168,Hendrix
401908431,2026,5,regular,2026-10-03 23:00:00+00:00,Willamette,Pacific Lutheran,6.346080711816531,48.21813086487192,27.282105788344225,20.93602507652769,0,0,False,Willamette,6.346080711816531,V1.3,4,5,0.0,48.000329911918335,24.000164955959168,24.000164955959168,Pacific Lutheran
401908472,2026,5,regular,2026-10-03 23:00:00+00:00,Minnesota Morris,Crown,6.346080711816531,48.21813086487192,27.282105788344225,20.93602507652769,0,0,False,Minnesota Morris,6.346080711816531,V1.3,4,5,0.0,48.000329911918335,24.000164955959168,24.000164955959168,Crown
401908655,2026,5,regular,2026-10-03 23:00:00+00:00,Heidelberg,Baldwin Wallace,6.346080711816531,48.21813086487192,27.282105788344225,20.93602507652769,0,0,False,Heidelberg,6.346080711816531,V1.3,4,5,0.0,48.000329911918335,24.000164955959168,24.000164955959168,Baldwin Wallace
401908834,2026,5,regular,2026-10-03 23:00:00+00:00,Bates,Tufts,6.346080711816531,48.21813086487192,27.282105788344225,20.93602507652769,0,0,False,Bates,6.346080711816531,V1.3,4,5,0.0,48.000329911918335,24.000164955959168,24.000164955959168,Tufts
401909022,2026,5,regular,2026-10-03 23:00:00+00:00,Thiel,Allegheny,6.346080711816531,48.21813086487192,27.282105788344225,20.93602507652769,0,0,False,Thiel,6.346080711816531,V1.3,4,5,0.0,48.000329911918335,24.000164955959168,24.000164955959168,Allegheny
401856821,2026,5,regular,2026-10-03 23:30:00+00:00,Colorado,Texas Tech,6.332623943160404,47.99217699021813,27.162400466689267,20.82977652352886,4,4,True,Colorado,6.332623943160404,V1.3,4,5,-4.911022418558858,43.16727729532986,19.1281274383855,24.03914985694436,Texas Tech
401858249,2026,5,regular,2026-10-03 23:30:00+00:00,Clemson,Miami,6.290322075914581,47.82124395586171,27.055783015888142,20.765460939973565,4,4,True,Clemson,6.290322075914581,V1.3,4,5,-13.0187985885965,43.981763187846596,15.481482299625048,28.500280888221546,Miami
401858478,2026,5,regular,2026-10-03 23:30:00+00:00,USC,Washington,6.282300958257527,47.20143061423737,26.74186578624745,20.45956482798992,5,4,True,USC,6.282300958257527,V1.3,4,5,4.952281728224381,50.686749927615566,27.81951582791997,22.867234099695594,USC
401860898,2026,5,regular,2026-10-03 23:30:00+00:00,Boise State,Utah State,6.15682487406516,47.28788530978984,26.7223550919275,20.565530217862342,4,4,True,Boise State,6.15682487406516,V1.3,4,5,8.07895802605392,45.09929015856247,26.589124092308193,18.510166066254275,Boise State
401862792,2026,5,regular,2026-10-03 23:30:00+00:00,South Florida,Temple,6.142888797374587,46.52174355329254,26.332316175333563,20.18942737795897,4,4,True,South Florida,6.142888797374587,V1.3,4,5,4.470080705131309,47.74517363945119,26.10762717229125,21.63754646715994,South Florida
401869842,2026,5,regular,2026-10-03 23:30:00+00:00,Louisiana Tech,Army,6.513108423639607,47.17876804462642,26.845938234133012,20.332829810493408,3,3,True,Louisiana Tech,6.513108423639607,V1.3,4,5,-5.380215389624433,51.475693648371575,23.04773912937357,28.427954518998003,Army
401856706,2026,5,regular,2026-10-03 23:45:00+00:00,LSU,McNeese,6.661518458612722,46.99482775202569,26.82817310531921,20.166654646706483,4,5,True,LSU,6.661518458612722,V1.3,4,5,6.402531431967999,47.55794062321606,26.98023602759203,20.57770459562403,LSU
401858477,2026,5,regular,2026-10-04 00:00:00+00:00,Rutgers,Indiana,5.919153808586833,47.11471884248082,26.516936325533827,20.597782516946992,4,4,True,Rutgers,5.919153808586833,V1.3,4,5,-10.387360259835008,58.29489520138655,23.953767470775773,34.34112773061078,Indiana
401868053,2026,5,regular,2026-10-04 00:00:00+00:00,Abilene Christian,West Florida,6.587186335215876,47.5835057609862,27.08534604810104,20.49815971288516,5,4,True,Abilene Christian,6.587186335215876,V1.3,4,5,-1.6422407829805887,44.255629552379304,21.30669438469936,22.948935167679945,West Florida
401868077,2026,5,regular,2026-10-04 00:00:00+00:00,Cal Poly,Weber State,6.2280520243904345,48.19142017307448,27.20973609873246,20.981684074342024,5,5,True,Cal Poly,6.2280520243904345,V1.3,4,5,1.9587839097290003,61.007561996958735,31.483172953343868,29.524389043614867,Cal Poly
401868104,2026,5,regular,2026-10-04 00:00:00+00:00,Idaho State,Northern Arizona,6.364461830199477,48.188187637835455,27.276324734017464,20.91186290381799,4,5,True,Idaho State,6.364461830199477,V1.3,4,5,9.206580004607353,46.98327635599025,28.0949281802988,18.888348175691448,Idaho State
401868160,2026,5,regular,2026-10-04 00:00:00+00:00,Utah Tech,Southern Utah,6.154476842033096,49.05555787746573,27.60501735974941,21.45054051771632,5,5,True,Utah Tech,6.154476842033096,V1.3,4,5,-10.37793368335354,51.483262477697835,20.552664397172148,30.930598080525687,Southern Utah
401869932,2026,5,regular,2026-10-04 00:00:00+00:00,Louisiana,Arkansas State,6.130469133682883,46.78282485578705,26.456646994734967,20.32617786105208,4,4,True,Louisiana,6.130469133682883,V1.3,4,5,0.08314517541691804,49.62231026745848,24.8527277214377,24.769582546020782,Louisiana
401907125,2026,5,regular,2026-10-04 00:00:00+00:00,Colorado Mesa,Chadron State,6.346080711816531,48.21813086487192,27.282105788344225,20.93602507652769,0,0,False,Colorado Mesa,6.346080711816531,V1.3,4,5,0.0,48.000329911918335,24.000164955959168,24.000164955959168,Chadron State
401907158,2026,5,regular,2026-10-04 00:00:00+00:00,New Mexico Highlands,Western Colorado,6.346080711816531,48.21813086487192,27.282105788344225,20.93602507652769,0,0,False,New Mexico Highlands,6.346080711816531,V1.3,4,5,0.0,48.000329911918335,24.000164955959168,24.000164955959168,Western Colorado
401907287,2026,5,regular,2026-10-04 00:00:00+00:00,Sul Ross State,Eastern New Mexico,6.346080711816531,48.21813086487192,27.282105788344225,20.93602507652769,0,0,False,Sul Ross State,6.346080711816531,V1.3,4,5,0.0,48.000329911918335,24.000164955959168,24.000164955959168,Eastern New Mexico
401907310,2026,5,regular,2026-10-04 00:00:00+00:00,Texas A&M-Kingsville,West Texas,6.346080711816531,48.21813086487192,27.282105788344225,20.93602507652769,0,0,False,Texas A&M-Kingsville,6.346080711816531,V1.3,4,5,0.0,48.000329911918335,24.000164955959168,24.000164955959168,West Texas
401907339,2026,5,regular,2026-10-04 00:00:00+00:00,Central Missouri,Central Oklahoma,6.431817489943485,48.52972108252666,27.480769286235077,21.04895179629159,0,1,False,Central Missouri,6.431817489943485,V1.3,4,5,-3.278661394239035,50.80815908552386,23.764748845642412,27.04341023988145,Central Oklahoma
401907366,2026,5,regular,2026-10-04 00:00:00+00:00,Fort Hays,Missouri Southern State,6.346080711816531,48.21813086487192,27.282105788344225,20.93602507652769,0,0,False,Fort Hays,6.346080711816531,V1.3,4,5,0.0,48.000329911918335,24.000164955959168,24.000164955959168,Missouri Southern State
401908876,2026,5,regular,2026-10-04 00:00:00+00:00,Lakeland,Benedictine (IL),6.346080711816531,48.21813086487192,27.282105788344225,20.93602507652769,0,0,False,Lakeland,6.346080711816531,V1.3,4,5,0.0,48.000329911918335,24.000164955959168,24.000164955959168,Benedictine (IL)
401908465,2026,5,regular,2026-10-04 01:00:00+00:00,Azusa Pacific,Redlands,6.346080711816531,48.21813086487192,27.282105788344225,20.93602507652769,0,0,False,Azusa Pacific,6.346080711816531,V1.3,4,5,0.0,48.000329911918335,24.000164955959168,24.000164955959168,Redlands
401860921,2026,5,regular,2026-10-04 01:30:00+00:00,Washington State,Fresno State,6.216171498022498,47.12339669298265,26.66978409550257,20.45361259748008,4,4,True,Washington State,6.216171498022498,V1.3,4,5,-0.40524840663530975,42.08587950158293,20.84031554747381,21.24556395410912,Fresno State
401908443,2026,5,regular,2026-10-04 02:00:00+00:00,Chapman,Whittier,6.346080711816531,48.21813086487192,27.282105788344225,20.93602507652769,0,0,False,Chapman,6.346080711816531,V1.3,4,5,0.0,48.000329911918335,24.000164955959168,24.000164955959168,Whittier
401908456,2026,5,regular,2026-10-04 02:00:00+00:00,Pomona Pitzer,La Verne,6.346080711816531,48.21813086487192,27.282105788344225,20.93602507652769,0,0,False,Pomona Pitzer,6.346080711816531,V1.3,4,5,0.0,48.000329911918335,24.000164955959168,24.000164955959168,La Verne
401856817,2026,5,regular,2026-10-04 02:30:00+00:00,Arizona State,Baylor,6.324079751381616,48.22751538254165,27.27579756696164,20.951717815580015,3,4,True,Arizona State,6.324079751381616,V1.3,4,5,2.290678146073251,45.070561102589174,23.680619624331214,21.38994147825796,Arizona State
401860900,2026,5,regular,2026-10-04 02:30:00+00:00,San Diego State,Texas State,6.593871338809233,48.37958651336781,27.486728926088524,20.892857587279288,4,4,True,San Diego State,6.593871338809233,V1.3,4,5,-6.178566201375645,52.51117642175466,23.16630511018951,29.344871311565154,Texas State
401868086,2026,5,regular,2026-10-04 02:30:00+00:00,UC Davis,Eastern Washington,6.382286438476611,48.20541291417696,27.293849676326783,20.91156323785017,5,5,True,UC Davis,6.382286438476611,V1.3,4,5,4.710224577046108,55.77790682760578,30.244065702325944,25.53384112527984,UC Davis
401856820,2026,5,regular,2026-10-04 03:00:00+00:00,Arizona,Cincinnati,6.244461366750855,47.623838136415074,26.934149751582964,20.68968838483211,4,4,True,Arizona,6.244461366750855,V1.3,4,5,1.3249191372196385,49.95543259017147,25.640175863695553,24.315256726475916,Arizona
401864513,2026,5,regular,2026-10-04 03:59:00+00:00,Hawai'i,San José State,6.41662563258024,47.76367119629168,27.09014841443596,20.67352278185572,4,4,True,Hawai'i,6.41662563258024,V1.3,4,5,-1.5458940243538393,42.35051760643505,20.402311791040603,21.948205815394445,San José State
