gameId,season,week,startDate,awayTeam,homeTeam,venue,hasFrozenV11Prediction,productionPredictedMargin,productionPredictedTotal,projectedAwayScore,projectedHomeScore,projectedAwayScoreDisplay,projectedHomeScoreDisplay,projectedWinner,projectedMarginDisplay,projectedScoreDisplay,hasMarketSpread,spread,marketSpreadDisplay,marketFavoredTeam,modelMarketEdge,absoluteModelMarketEdge,decisionLeanTeam,modelEdgeDisplay,v12ContextScore,contextFavoredTeam,contextStrength,contextDisplay,sampleSizeFlag,verifiedWeatherAvailable,verifiedWeatherRiskLevel,verifiedInjuryDataAvailable,injuryRiskLevel,verifiedContextReviewPriority,decisionScore,decisionConfidence,decisionAction,decisionRank,productionStatus,productionDataQuality,displayPriority,requiresManualReview,productionNote,decisionExplanation,teamA,teamB,predictedTotal,predictedMarginTeamA,projectedTeamAScore,projectedTeamBScore,projectedWinningMargin,predictionMode
401866433,2026,5,2026-10-03T19:30:00.000Z,Eastern Michigan,Massachusetts,Warren McGuirk Alumni Stadium,True,13.273321107343833,55.96752222222225,21.34710055743921,34.62042166478304,21.0,35.0,Massachusetts,Massachusetts by 13.3,Eastern Michigan 21 - Massachusetts 35,True,-4.0,Massachusetts -4.0,Massachusetts,9.273321107343833,9.273321107343833,Massachusetts,Massachusetts (9.3 pts),1.439214619219938,Massachusetts,VERY HIGH,Massachusetts (VERY HIGH),STRONG,False,UNKNOWN,False,UNKNOWN,VERY HIGH,4.75,MEDIUM,MODEL LEAN,1.0,MODEL LEAN,GOOD / CONTEXT LIMITED,2,True,injury feed unavailable; verified weather unavailable; context review: VERY HIGH.,V1.1 market lean: Massachusetts (9.3-point model/market difference); context favors Massachusetts (VERY HIGH); sample size: STRONG; verified weather unavailable; verified injury feed unavailable; review priority: VERY HIGH.,Eastern Michigan,Massachusetts,55.96752222222225,-13.273321107343833,21.34710055743921,34.62042166478304,13.273321107343833,MODEL LEAN
401858472,2026,5,2026-10-03T20:15:00.000Z,Purdue,Illinois,"Memorial Stadium (Champaign, IL)",True,17.769709139610185,58.249671428571446,20.23998114448063,38.009690284090816,20.0,38.0,Illinois,Illinois by 17.8,Purdue 20 - Illinois 38,True,-10.0,Illinois -10.0,Illinois,7.769709139610185,7.769709139610185,Illinois,Illinois (7.8 pts),0.7947570615342044,Illinois,HIGH,Illinois (HIGH),STRONG,False,UNKNOWN,False,UNKNOWN,HIGH,4.75,MEDIUM,MODEL LEAN,2.0,MODEL LEAN,GOOD / CONTEXT LIMITED,2,True,injury feed unavailable; verified weather unavailable; context review: HIGH.,V1.1 market lean: Illinois (7.8-point model/market difference); context favors Illinois (HIGH); sample size: STRONG; verified weather unavailable; verified injury feed unavailable; review priority: HIGH.,Purdue,Illinois,58.249671428571446,-17.769709139610185,20.23998114448063,38.009690284090816,17.769709139610185,MODEL LEAN
401869956,2026,5,2026-10-03T19:30:00.000Z,Old Dominion,Georgia State,Center Parc Stadium,True,8.891672086610004,53.3912492063492,22.2497885598696,31.1414606464796,22.0,31.0,Georgia State,Georgia State by 8.9,Old Dominion 22 - Georgia State 31,True,1.5,Old Dominion +1.5,Old Dominion,10.391672086610004,10.391672086610004,Georgia State,Georgia State (10.4 pts),0.6945418150378966,Georgia State,MEDIUM,Georgia State (MEDIUM),STRONG,False,UNKNOWN,False,UNKNOWN,VERY HIGH,4.25,MEDIUM,MODEL LEAN,3.0,MODEL LEAN,GOOD / CONTEXT LIMITED,2,True,injury feed unavailable; verified weather unavailable; context review: VERY HIGH.,V1.1 market lean: Georgia State (10.4-point model/market difference); context favors Georgia State (MEDIUM); sample size: STRONG; verified weather unavailable; verified injury feed unavailable; review priority: VERY HIGH.,Old Dominion,Georgia State,53.3912492063492,-8.891672086610004,22.2497885598696,31.1414606464796,8.891672086610004,MODEL LEAN
401856807,2026,5,2026-10-03T16:00:00.000Z,Middle Tennessee,Kansas,Memorial Stadium,True,10.24378919980086,55.97844047619047,22.867325638194806,33.111114837995665,23.0,33.0,Kansas,Kansas by 10.2,Middle Tennessee 23 - Kansas 33,True,-20.5,Kansas -20.5,Kansas,-10.25621080019914,10.25621080019914,Middle Tennessee,Middle Tennessee (10.3 pts),0.4068186359116345,Kansas,LOW,Kansas (LOW),GOOD,True,MINIMAL,False,UNKNOWN,HIGH,4.25,MEDIUM,MODEL LEAN,4.0,MODEL LEAN,GOOD,2,True,injury feed unavailable; context review: HIGH.,V1.1 market lean: Middle Tennessee (10.3-point model/market difference); context favors Kansas (LOW); sample size: GOOD; verified weather risk: MINIMAL; verified injury feed unavailable; review priority: HIGH.,Middle Tennessee,Kansas,55.97844047619047,-10.24378919980086,22.867325638194806,33.111114837995665,10.24378919980086,MODEL LEAN
401860900,2026,5,2026-10-04T02:30:00.000Z,Texas State,San Diego State,Snapdragon Stadium,True,-9.232185752441444,57.936228571428586,33.58420716193501,24.35202140949357,34.0,24.0,Texas State,Texas State by 9.2,Texas State 34 - San Diego State 24,True,4.0,Texas State +4.0,Texas State,-5.232185752441444,5.232185752441444,Texas State,Texas State (5.2 pts),-1.2833514541835125,Texas State,VERY HIGH,Texas State (VERY HIGH),STRONG,False,UNKNOWN,False,UNKNOWN,HIGH,4.25,MEDIUM,MODEL LEAN,5.0,MODEL LEAN,GOOD / CONTEXT LIMITED,2,True,injury feed unavailable; verified weather unavailable; context review: HIGH.,V1.1 market lean: Texas State (5.2-point model/market difference); context favors Texas State (VERY HIGH); sample size: STRONG; verified weather unavailable; verified injury feed unavailable; review priority: HIGH.,Texas State,San Diego State,57.936228571428586,9.232185752441444,33.58420716193501,24.35202140949357,9.232185752441444,MODEL LEAN
401866477,2026,5,2026-10-03T19:30:00.000Z,Bowling Green,Miami (OH),Yager Stadium,True,19.91129332103656,57.13792063492069,18.613313656942065,38.52460697797862,19.0,39.0,Miami (OH),Miami (OH) by 19.9,Bowling Green 19 - Miami (OH) 39,True,-15.5,Miami (OH) -15.5,Miami (OH),4.41129332103656,4.41129332103656,Miami (OH),Miami (OH) (4.4 pts),1.7637622384358866,Miami (OH),VERY HIGH,Miami (OH) (VERY HIGH),STRONG,False,UNKNOWN,False,UNKNOWN,HIGH,4.25,MEDIUM,MODEL LEAN,6.0,MODEL LEAN,GOOD / CONTEXT LIMITED,2,True,injury feed unavailable; verified weather unavailable; context review: HIGH.,V1.1 market lean: Miami (OH) (4.4-point model/market difference); context favors Miami (OH) (VERY HIGH); sample size: STRONG; verified weather unavailable; verified injury feed unavailable; review priority: HIGH.,Bowling Green,Miami (OH),57.13792063492069,-19.91129332103656,18.613313656942065,38.52460697797862,19.91129332103656,MODEL LEAN
401866432,2026,5,2026-10-03T17:00:00.000Z,Western Michigan,Buffalo,UB Stadium,True,-2.9875199976779894,53.127788095238095,28.057654046458044,25.07013404878005,28.0,25.0,Western Michigan,Western Michigan by 3.0,Western Michigan 28 - Buffalo 25,True,16.5,Western Michigan +16.5,Western Michigan,13.512480002322013,13.512480002322013,Buffalo,Buffalo (13.5 pts),-0.7255246435266614,Western Michigan,MEDIUM,Western Michigan (MEDIUM),STRONG,False,UNKNOWN,False,UNKNOWN,VERY HIGH,3.75,MEDIUM,WATCH / REVIEW,7.0,REVIEW,GOOD / CONTEXT LIMITED,3,True,injury feed unavailable; verified weather unavailable; context review: VERY HIGH.,V1.1 market lean: Buffalo (13.5-point model/market difference); context favors Western Michigan (MEDIUM); sample size: STRONG; verified weather unavailable; verified injury feed unavailable; review priority: VERY HIGH.,Western Michigan,Buffalo,53.127788095238095,2.9875199976779894,28.057654046458044,25.07013404878005,2.9875199976779894,REVIEW
401858477,2026,5,2026-10-04T00:00:00.000Z,Indiana,Rutgers,SHI Stadium,True,-10.99879083776576,56.80783174603175,33.90331129189876,22.904520454133,34.0,23.0,Indiana,Indiana by 11.0,Indiana 34 - Rutgers 23,True,23.5,Indiana +23.5,Indiana,12.50120916223424,12.50120916223424,Rutgers,Rutgers (12.5 pts),-1.030311048972249,Indiana,HIGH,Indiana (HIGH),STRONG,False,UNKNOWN,False,UNKNOWN,VERY HIGH,3.75,MEDIUM,WATCH / REVIEW,8.0,REVIEW,GOOD / CONTEXT LIMITED,3,True,injury feed unavailable; verified weather unavailable; context review: VERY HIGH.,V1.1 market lean: Rutgers (12.5-point model/market difference); context favors Indiana (HIGH); sample size: STRONG; verified weather unavailable; verified injury feed unavailable; review priority: VERY HIGH.,Indiana,Rutgers,56.80783174603175,10.99879083776576,33.90331129189876,22.904520454133,10.99879083776576,REVIEW
401858473,2026,5,2026-10-03T19:30:00.000Z,Ohio State,Iowa,Kinnick Stadium,True,-6.415213085985589,54.231213564213576,30.323213325099584,23.908000239113992,30.0,24.0,Ohio State,Ohio State by 6.4,Ohio State 30 - Iowa 24,True,14.5,Ohio State +14.5,Ohio State,8.084786914014412,8.084786914014412,Iowa,Iowa (8.1 pts),-0.4267872121620775,Ohio State,LOW,Ohio State (LOW),STRONG,False,UNKNOWN,False,UNKNOWN,MEDIUM,3.75,MEDIUM,WATCH / REVIEW,9.0,REVIEW,GOOD / CONTEXT LIMITED,3,True,injury feed unavailable; verified weather unavailable; context review: MEDIUM.,V1.1 market lean: Iowa (8.1-point model/market difference); context favors Ohio State (LOW); sample size: STRONG; verified weather unavailable; verified injury feed unavailable; review priority: MEDIUM.,Ohio State,Iowa,54.231213564213576,6.415213085985589,30.323213325099584,23.908000239113992,6.415213085985589,REVIEW
401864515,2026,5,2026-10-03T19:30:00.000Z,Wyoming,North Dakota State,Fargodome,True,12.690321086062308,55.90152445887447,21.60560168640608,34.29592277246839,22.0,34.0,North Dakota State,North Dakota State by 12.7,Wyoming 22 - North Dakota State 34,True,-20.5,North Dakota State -20.5,North Dakota State,-7.809678913937692,7.809678913937692,Wyoming,Wyoming (7.8 pts),0.746560804374043,North Dakota State,MEDIUM,North Dakota State (MEDIUM),STRONG,False,UNKNOWN,False,UNKNOWN,MEDIUM,3.75,MEDIUM,WATCH / REVIEW,10.0,REVIEW,GOOD / CONTEXT LIMITED,3,True,injury feed unavailable; verified weather unavailable; context review: MEDIUM.,V1.1 market lean: Wyoming (7.8-point model/market difference); context favors North Dakota State (MEDIUM); sample size: STRONG; verified weather unavailable; verified injury feed unavailable; review priority: MEDIUM.,Wyoming,North Dakota State,55.90152445887447,-12.690321086062308,21.60560168640608,34.29592277246839,12.690321086062308,REVIEW
401871049,2026,5,2026-10-02T00:00:00.000Z,Western Kentucky,New Mexico State,Aggie Memorial Stadium,True,5.952023386377186,56.279354761904735,25.16366568776377,31.11568907414096,25.0,31.0,New Mexico State,New Mexico State by 6.0,Western Kentucky 25 - New Mexico State 31,True,-1.5,New Mexico State -1.5,New Mexico State,4.452023386377186,4.452023386377186,New Mexico State,New Mexico State (4.5 pts),0.6969424908137042,New Mexico State,MEDIUM,New Mexico State (MEDIUM),STRONG,False,UNKNOWN,False,UNKNOWN,MEDIUM,3.75,MEDIUM,WATCH / REVIEW,11.0,REVIEW,GOOD / CONTEXT LIMITED,3,True,injury feed unavailable; verified weather unavailable; context review: MEDIUM.,V1.1 market lean: New Mexico State (4.5-point model/market difference); context favors New Mexico State (MEDIUM); sample size: STRONG; verified weather unavailable; verified injury feed unavailable; review priority: MEDIUM.,Western Kentucky,New Mexico State,56.279354761904735,-5.952023386377186,25.16366568776377,31.11568907414096,5.952023386377186,REVIEW
401856711,2026,5,2026-10-03T23:00:00.000Z,Arkansas,Texas A&M,Kyle Field,True,7.064821240540826,52.19330317460319,22.564240967031186,29.629062207572005,23.0,30.0,Texas A&M,Texas A&M by 7.1,Arkansas 23 - Texas A&M 30,True,-14.5,Texas A&M -14.5,Texas A&M,-7.435178759459174,7.435178759459174,Arkansas,Arkansas (7.4 pts),-0.0422460306726464,Arkansas,VERY LOW,Arkansas (VERY LOW),STRONG,True,MINIMAL,False,UNKNOWN,MEDIUM,3.5,MEDIUM,WATCH / REVIEW,12.0,REVIEW,GOOD / CONTEXT LIMITED,3,True,injury feed unavailable; context review: MEDIUM.,V1.1 market lean: Arkansas (7.4-point model/market difference); context favors Arkansas (VERY LOW); sample size: STRONG; verified weather risk: MINIMAL; verified injury feed unavailable; review priority: MEDIUM.,Arkansas,Texas A&M,52.19330317460319,-7.064821240540826,22.564240967031186,29.629062207572005,7.064821240540826,REVIEW
401864514,2026,5,2026-10-03T20:00:00.000Z,UTEP,New Mexico,University Stadium (NM),True,11.34368525564444,56.23202222222225,22.444168483288905,33.78785373893334,22.0,34.0,New Mexico,New Mexico by 11.3,UTEP 22 - New Mexico 34,True,-21.0,New Mexico -21.0,New Mexico,-9.65631474435556,9.65631474435556,UTEP,UTEP (9.7 pts),0.8518891350717427,New Mexico,HIGH,New Mexico (HIGH),STRONG,False,UNKNOWN,False,UNKNOWN,HIGH,3.25,MEDIUM,WATCH / REVIEW,13.0,REVIEW,GOOD / CONTEXT LIMITED,3,True,injury feed unavailable; verified weather unavailable; context review: HIGH.,V1.1 market lean: UTEP (9.7-point model/market difference); context favors New Mexico (HIGH); sample size: STRONG; verified weather unavailable; verified injury feed unavailable; review priority: HIGH.,UTEP,New Mexico,56.23202222222225,-11.34368525564444,22.444168483288905,33.78785373893334,11.34368525564444,REVIEW
401862787,2026,5,2026-10-03T19:30:00.000Z,Memphis,Charlotte,Jerry Richardson Stadium,True,-11.901078334857688,58.77480555555551,35.3379419452066,23.43686361034891,35.0,23.0,Memphis,Memphis by 11.9,Memphis 35 - Charlotte 23,True,21.5,Memphis +21.5,Memphis,9.598921665142312,9.598921665142312,Charlotte,Charlotte (9.6 pts),-1.427482659201068,Memphis,VERY HIGH,Memphis (VERY HIGH),STRONG,False,UNKNOWN,False,UNKNOWN,HIGH,3.25,MEDIUM,WATCH / REVIEW,14.0,REVIEW,GOOD / CONTEXT LIMITED,3,True,injury feed unavailable; verified weather unavailable; context review: HIGH.,V1.1 market lean: Charlotte (9.6-point model/market difference); context favors Memphis (VERY HIGH); sample size: STRONG; verified weather unavailable; verified injury feed unavailable; review priority: HIGH.,Memphis,Charlotte,58.77480555555551,11.901078334857688,35.3379419452066,23.43686361034891,11.901078334857688,REVIEW
401864513,2026,5,2026-10-04T03:59:00.000Z,San José State,Hawai'i,Clarence T.C. Ching Athletics Complex,True,-4.936297500403638,52.86836190476187,28.902329702582755,23.966032202179115,29.0,24.0,San José State,San José State by 4.9,San José State 29 - Hawai'i 24,True,-4.5,Hawai'i -4.5,Hawai'i,-9.436297500403638,9.436297500403638,San José State,San José State (9.4 pts),-0.4867905301450614,San José State,MEDIUM,San José State (MEDIUM),STRONG,False,UNKNOWN,False,UNKNOWN,VERY HIGH,3.25,MEDIUM,WATCH / REVIEW,15.0,REVIEW,GOOD / CONTEXT LIMITED,3,True,injury feed unavailable; verified weather unavailable; context review: VERY HIGH.,V1.1 market lean: San José State (9.4-point model/market difference); context favors San José State (MEDIUM); sample size: STRONG; verified weather unavailable; verified injury feed unavailable; review priority: VERY HIGH.,San José State,Hawai'i,52.86836190476187,4.936297500403638,28.902329702582755,23.966032202179115,4.936297500403638,REVIEW
401860898,2026,5,2026-10-03T23:30:00.000Z,Utah State,Boise State,Albertsons Stadium,True,12.433628957837714,57.08764206349205,22.327006552827168,34.76063551066488,22.0,35.0,Boise State,Boise State by 12.4,Utah State 22 - Boise State 35,True,-21.0,Boise State -21.0,Boise State,-8.566371042162286,8.566371042162286,Utah State,Utah State (8.6 pts),0.5676700763022523,Boise State,MEDIUM,Boise State (MEDIUM),STRONG,False,UNKNOWN,False,UNKNOWN,HIGH,3.25,MEDIUM,WATCH / REVIEW,16.0,REVIEW,GOOD / CONTEXT LIMITED,3,True,injury feed unavailable; verified weather unavailable; context review: HIGH.,V1.1 market lean: Utah State (8.6-point model/market difference); context favors Boise State (MEDIUM); sample size: STRONG; verified weather unavailable; verified injury feed unavailable; review priority: HIGH.,Utah State,Boise State,57.08764206349205,-12.433628957837714,22.327006552827168,34.76063551066488,12.433628957837714,REVIEW
401856821,2026,5,2026-10-03T23:30:00.000Z,Texas Tech,Colorado,Folsom Field,True,-7.647917422333691,54.33333492063489,30.99062617148429,23.3427087491506,31.0,23.0,Texas Tech,Texas Tech by 7.6,Texas Tech 31 - Colorado 23,True,14.5,Texas Tech +14.5,Texas Tech,6.852082577666309,6.852082577666309,Colorado,Colorado (6.9 pts),-0.5039174054956291,Texas Tech,MEDIUM,Texas Tech (MEDIUM),STRONG,True,MINIMAL,False,UNKNOWN,MEDIUM,3.25,MEDIUM,WATCH / REVIEW,17.0,REVIEW,GOOD / CONTEXT LIMITED,3,True,injury feed unavailable; context review: MEDIUM.,V1.1 market lean: Colorado (6.9-point model/market difference); context favors Texas Tech (MEDIUM); sample size: STRONG; verified weather risk: MINIMAL; verified injury feed unavailable; review priority: MEDIUM.,Texas Tech,Colorado,54.33333492063489,7.647917422333691,30.99062617148429,23.3427087491506,7.647917422333691,REVIEW
401866434,2026,5,2026-10-03T19:30:00.000Z,Ohio,Kent State,Dix Stadium,True,-11.83198606955442,54.05958412698418,32.9457850982693,21.11379902871488,33.0,21.0,Ohio,Ohio by 11.8,Ohio 33 - Kent State 21,True,5.5,Ohio +5.5,Ohio,-6.33198606955442,6.33198606955442,Ohio,Ohio (6.3 pts),-0.7150242932143348,Ohio,MEDIUM,Ohio (MEDIUM),STRONG,False,UNKNOWN,False,UNKNOWN,HIGH,3.25,MEDIUM,WATCH / REVIEW,18.0,REVIEW,GOOD / CONTEXT LIMITED,3,True,injury feed unavailable; verified weather unavailable; context review: HIGH.,V1.1 market lean: Ohio (6.3-point model/market difference); context favors Ohio (MEDIUM); sample size: STRONG; verified weather unavailable; verified injury feed unavailable; review priority: HIGH.,Ohio,Kent State,54.05958412698418,11.83198606955442,32.9457850982693,21.11379902871488,11.83198606955442,REVIEW
401871089,2026,5,2026-10-03T23:00:00.000Z,UL Monroe,South Alabama,Hancock Whitney Stadium,True,8.539562708596339,58.661416666666646,25.060926979035152,33.600489687631494,25.0,34.0,South Alabama,South Alabama by 8.5,UL Monroe 25 - South Alabama 34,True,-14.5,South Alabama -14.5,South Alabama,-5.960437291403661,5.960437291403661,UL Monroe,UL Monroe (6.0 pts),0.3092226642506997,South Alabama,LOW,South Alabama (LOW),STRONG,False,UNKNOWN,False,UNKNOWN,LOW,3.25,MEDIUM,WATCH / REVIEW,19.0,REVIEW,GOOD / CONTEXT LIMITED,3,True,injury feed unavailable; verified weather unavailable; context review: LOW.,V1.1 market lean: UL Monroe (6.0-point model/market difference); context favors South Alabama (LOW); sample size: STRONG; verified weather unavailable; verified injury feed unavailable; review priority: LOW.,UL Monroe,South Alabama,58.661416666666646,-8.539562708596339,25.060926979035152,33.600489687631494,8.539562708596339,REVIEW
401858479,2026,5,2026-10-03T16:30:00.000Z,Michigan State,Wisconsin,Camp Randall Stadium,True,12.0204333357479,54.86500207570209,21.42228436997709,33.442717705724995,21.0,33.0,Wisconsin,Wisconsin by 12.0,Michigan State 21 - Wisconsin 33,True,-10.0,Wisconsin -10.0,Wisconsin,2.0204333357478994,2.0204333357478994,Wisconsin,Wisconsin (2.0 pts),0.9085317660771782,Wisconsin,HIGH,Wisconsin (HIGH),STRONG,False,UNKNOWN,False,UNKNOWN,MEDIUM,3.25,MEDIUM,WATCH / REVIEW,20.0,REVIEW,GOOD / CONTEXT LIMITED,3,True,injury feed unavailable; verified weather unavailable; context review: MEDIUM.,V1.1 market lean: Wisconsin (2.0-point model/market difference); context favors Wisconsin (HIGH); sample size: STRONG; verified weather unavailable; verified injury feed unavailable; review priority: MEDIUM.,Michigan State,Wisconsin,54.86500207570209,-12.0204333357479,21.42228436997709,33.442717705724995,12.0204333357479,REVIEW
401858248,2026,5,2026-10-03T19:30:00.000Z,Louisville,NC State,Carter-Finley Stadium,True,4.738566035151859,58.46468253968255,26.863058252265347,31.6016242874172,27.0,32.0,NC State,NC State by 4.7,Louisville 27 - NC State 32,True,6.0,Louisville +6.0,Louisville,10.73856603515186,10.73856603515186,NC State,NC State (10.7 pts),-0.1385437508241055,Louisville,VERY LOW,Louisville (VERY LOW),STRONG,False,UNKNOWN,False,UNKNOWN,HIGH,3.0,MEDIUM,WATCH / REVIEW,22.0,REVIEW,GOOD / CONTEXT LIMITED,3,True,injury feed unavailable; verified weather unavailable; context review: HIGH.,V1.1 market lean: NC State (10.7-point model/market difference); context favors Louisville (VERY LOW); sample size: STRONG; verified weather unavailable; verified injury feed unavailable; review priority: HIGH.,Louisville,NC State,58.46468253968255,-4.738566035151859,26.863058252265347,31.6016242874172,4.738566035151859,REVIEW
401858474,2026,5,2026-10-03T16:00:00.000Z,Michigan,Minnesota,Huntington Bank Stadium,True,4.052266689545378,48.9299968253968,22.43886506792571,26.491131757471088,22.0,26.0,Minnesota,Minnesota by 4.1,Michigan 22 - Minnesota 26,True,6.5,Michigan +6.5,Michigan,10.552266689545377,10.552266689545377,Minnesota,Minnesota (10.6 pts),-0.124058155891701,Michigan,VERY LOW,Michigan (VERY LOW),STRONG,False,UNKNOWN,False,UNKNOWN,HIGH,3.0,MEDIUM,WATCH / REVIEW,23.0,REVIEW,GOOD / CONTEXT LIMITED,3,True,injury feed unavailable; verified weather unavailable; context review: HIGH.,V1.1 market lean: Minnesota (10.6-point model/market difference); context favors Michigan (VERY LOW); sample size: STRONG; verified weather unavailable; verified injury feed unavailable; review priority: HIGH.,Michigan,Minnesota,48.9299968253968,-4.052266689545378,22.43886506792571,26.491131757471088,4.052266689545378,REVIEW
401862788,2026,5,2026-10-03T23:00:00.000Z,UTSA,Rice,Rice Stadium,True,-5.07140398780685,57.18224761904761,31.12682580342723,26.055421815620377,31.0,26.0,UTSA,UTSA by 5.1,UTSA 31 - Rice 26,True,11.5,UTSA +11.5,UTSA,6.42859601219315,6.42859601219315,Rice,Rice (6.4 pts),-0.5340608310125079,UTSA,MEDIUM,UTSA (MEDIUM),STRONG,False,UNKNOWN,False,UNKNOWN,MEDIUM,2.75,LOW,WATCH / REVIEW,24.0,REVIEW,GOOD / CONTEXT LIMITED,3,True,injury feed unavailable; verified weather unavailable; context review: MEDIUM.,V1.1 market lean: Rice (6.4-point model/market difference); context favors UTSA (MEDIUM); sample size: STRONG; verified weather unavailable; verified injury feed unavailable; review priority: MEDIUM.,UTSA,Rice,57.18224761904761,5.07140398780685,31.12682580342723,26.055421815620377,5.07140398780685,REVIEW
401858245,2026,5,2026-10-02T23:00:00.000Z,Pittsburgh,Virginia Tech,Lane Stadium,True,-0.1425173838556714,54.79436825396825,27.46844281891196,27.32592543505629,27.0,27.0,Pittsburgh,Pittsburgh by 0.1,Pittsburgh 27 - Virginia Tech 27,True,-5.5,Virginia Tech -5.5,Virginia Tech,-5.642517383855672,5.642517383855672,Pittsburgh,Pittsburgh (5.6 pts),-0.5898712165135833,Pittsburgh,MEDIUM,Pittsburgh (MEDIUM),STRONG,False,UNKNOWN,False,UNKNOWN,HIGH,2.75,LOW,WATCH / REVIEW,25.0,REVIEW,GOOD / CONTEXT LIMITED,3,True,injury feed unavailable; verified weather unavailable; context review: HIGH.,V1.1 market lean: Pittsburgh (5.6-point model/market difference); context favors Pittsburgh (MEDIUM); sample size: STRONG; verified weather unavailable; verified injury feed unavailable; review priority: HIGH.,Pittsburgh,Virginia Tech,54.79436825396825,0.1425173838556714,27.46844281891196,27.32592543505629,0.1425173838556714,REVIEW
401862792,2026,5,2026-10-03T23:30:00.000Z,Temple,South Florida,Raymond James Stadium,True,11.58031121923091,57.562117460317424,22.99090312054326,34.571214339774166,23.0,35.0,South Florida,South Florida by 11.6,Temple 23 - South Florida 35,True,-6.0,South Florida -6.0,South Florida,5.580311219230911,5.580311219230911,South Florida,South Florida (5.6 pts),0.1634233442217133,South Florida,VERY LOW,South Florida (VERY LOW),STRONG,False,UNKNOWN,False,UNKNOWN,MEDIUM,2.75,LOW,WATCH / REVIEW,26.0,REVIEW,GOOD / CONTEXT LIMITED,3,True,injury feed unavailable; verified weather unavailable; context review: MEDIUM.,V1.1 market lean: South Florida (5.6-point model/market difference); context favors South Florida (VERY LOW); sample size: STRONG; verified weather unavailable; verified injury feed unavailable; review priority: MEDIUM.,Temple,South Florida,57.562117460317424,-11.58031121923091,22.99090312054326,34.571214339774166,11.58031121923091,REVIEW
401856709,2026,5,2026-10-03T20:15:00.000Z,Kentucky,South Carolina,Williams-Brice Stadium,True,8.783049177522573,56.20087222222221,23.70891152234982,32.49196069987239,24.0,32.0,South Carolina,South Carolina by 8.8,Kentucky 24 - South Carolina 32,True,-3.5,South Carolina -3.5,South Carolina,5.283049177522573,5.283049177522573,South Carolina,South Carolina (5.3 pts),0.0526145788403262,South Carolina,VERY LOW,South Carolina (VERY LOW),STRONG,False,UNKNOWN,False,UNKNOWN,MEDIUM,2.75,LOW,WATCH / REVIEW,27.0,REVIEW,GOOD / CONTEXT LIMITED,3,True,injury feed unavailable; verified weather unavailable; context review: MEDIUM.,V1.1 market lean: South Carolina (5.3-point model/market difference); context favors South Carolina (VERY LOW); sample size: STRONG; verified weather unavailable; verified injury feed unavailable; review priority: MEDIUM.,Kentucky,South Carolina,56.20087222222221,-8.783049177522573,23.70891152234982,32.49196069987239,8.783049177522573,REVIEW
401860921,2026,5,2026-10-04T01:30:00.000Z,Fresno State,Washington State,Gesa Field,True,-3.3287258373086925,55.25893629148629,29.29383106439749,25.9651052270888,29.0,26.0,Fresno State,Fresno State by 3.3,Fresno State 29 - Washington State 26,True,-1.5,Washington State -1.5,Washington State,-4.828725837308692,4.828725837308692,Fresno State,Fresno State (4.8 pts),-0.3893822025246182,Fresno State,LOW,Fresno State (LOW),STRONG,False,UNKNOWN,False,UNKNOWN,MEDIUM,2.75,LOW,WATCH / REVIEW,28.0,REVIEW,GOOD / CONTEXT LIMITED,3,True,injury feed unavailable; verified weather unavailable; context review: MEDIUM.,V1.1 market lean: Fresno State (4.8-point model/market difference); context favors Fresno State (LOW); sample size: STRONG; verified weather unavailable; verified injury feed unavailable; review priority: MEDIUM.,Fresno State,Washington State,55.25893629148629,3.3287258373086925,29.29383106439749,25.9651052270888,3.3287258373086925,REVIEW
401869942,2026,5,2026-10-03T23:00:00.000Z,Georgia Southern,Coastal Carolina,Brooks Stadium (SC),True,3.266316770648699,53.74868253968252,25.24118288451691,28.50749965516561,25.0,29.0,Coastal Carolina,Coastal Carolina by 3.3,Georgia Southern 25 - Coastal Carolina 29,True,1.5,Georgia Southern +1.5,Georgia Southern,4.766316770648698,4.766316770648698,Coastal Carolina,Coastal Carolina (4.8 pts),0.3035358560755207,Coastal Carolina,LOW,Coastal Carolina (LOW),STRONG,False,UNKNOWN,False,UNKNOWN,MEDIUM,2.75,LOW,WATCH / REVIEW,29.0,REVIEW,GOOD / CONTEXT LIMITED,3,True,injury feed unavailable; verified weather unavailable; context review: MEDIUM.,V1.1 market lean: Coastal Carolina (4.8-point model/market difference); context favors Coastal Carolina (LOW); sample size: STRONG; verified weather unavailable; verified injury feed unavailable; review priority: MEDIUM.,Georgia Southern,Coastal Carolina,53.74868253968252,-3.266316770648699,25.24118288451691,28.50749965516561,3.266316770648699,REVIEW
401858478,2026,5,2026-10-03T23:30:00.000Z,Washington,USC,Los Angeles Memorial Coliseum,True,12.72080497537616,59.51480714285715,23.39700108374049,36.11780605911665,23.0,36.0,USC,USC by 12.7,Washington 23 - USC 36,True,-9.5,USC -9.5,USC,3.22080497537616,3.22080497537616,USC,USC (3.2 pts),0.2974679693827787,USC,LOW,USC (LOW),STRONG,False,UNKNOWN,False,UNKNOWN,LOW,2.75,LOW,WATCH / REVIEW,30.0,REVIEW,GOOD / CONTEXT LIMITED,3,True,injury feed unavailable; verified weather unavailable; context review: LOW.,V1.1 market lean: USC (3.2-point model/market difference); context favors USC (LOW); sample size: STRONG; verified weather unavailable; verified injury feed unavailable; review priority: LOW.,Washington,USC,59.51480714285715,-12.72080497537616,23.39700108374049,36.11780605911665,12.72080497537616,REVIEW
401856708,2026,5,2026-10-03T19:30:00.000Z,Florida,Missouri,Memorial Stadium,True,-2.9152635349781297,55.89439126984127,29.4048274024097,26.48956386743157,29.0,26.0,Florida,Florida by 2.9,Florida 29 - Missouri 26,True,5.5,Florida +5.5,Florida,2.5847364650218703,2.5847364650218703,Missouri,Missouri (2.6 pts),-0.6819773295096118,Florida,MEDIUM,Florida (MEDIUM),STRONG,True,MINIMAL,False,UNKNOWN,LOW,2.75,LOW,WATCH / REVIEW,31.0,REVIEW,GOOD / CONTEXT LIMITED,3,True,injury feed unavailable; context review: LOW.,V1.1 market lean: Missouri (2.6-point model/market difference); context favors Florida (MEDIUM); sample size: STRONG; verified weather risk: MINIMAL; verified injury feed unavailable; review priority: LOW.,Florida,Missouri,55.89439126984127,2.9152635349781297,29.4048274024097,26.48956386743157,2.9152635349781297,REVIEW
401858252,2026,5,2026-10-03T16:00:00.000Z,Syracuse,UConn,Pratt & Whitney Stadium,True,5.053693636432692,55.575252503052496,25.260779433309903,30.314473069742597,25.0,30.0,UConn,UConn by 5.1,Syracuse 25 - UConn 30,True,5.5,Syracuse +5.5,Syracuse,10.553693636432692,10.553693636432692,UConn,UConn (10.6 pts),-0.0104136159356533,Syracuse,VERY LOW,Syracuse (VERY LOW),GOOD,False,UNKNOWN,False,UNKNOWN,HIGH,2.5,LOW,WATCH / REVIEW,33.0,REVIEW,GOOD,3,True,injury feed unavailable; verified weather unavailable; context review: HIGH.,V1.1 market lean: UConn (10.6-point model/market difference); context favors Syracuse (VERY LOW); sample size: GOOD; verified weather unavailable; verified injury feed unavailable; review priority: HIGH.,Syracuse,UConn,55.575252503052496,-5.053693636432692,25.260779433309903,30.314473069742597,5.053693636432692,REVIEW
401856822,2026,5,2026-10-03T16:00:00.000Z,West Virginia,Iowa State,Jack Trice Stadium,True,7.902441882765591,55.70025555555554,23.89890683639497,31.80134871916057,24.0,32.0,Iowa State,Iowa State by 7.9,West Virginia 24 - Iowa State 32,True,-1.5,Iowa State -1.5,Iowa State,6.402441882765591,6.402441882765591,Iowa State,Iowa State (6.4 pts),-0.1760306309711025,West Virginia,VERY LOW,West Virginia (VERY LOW),STRONG,False,UNKNOWN,False,UNKNOWN,LOW,2.5,LOW,WATCH / REVIEW,34.0,REVIEW,GOOD / CONTEXT LIMITED,3,True,injury feed unavailable; verified weather unavailable; context review: LOW.,V1.1 market lean: Iowa State (6.4-point model/market difference); context favors West Virginia (VERY LOW); sample size: STRONG; verified weather unavailable; verified injury feed unavailable; review priority: LOW.,West Virginia,Iowa State,55.70025555555554,-7.902441882765591,23.89890683639497,31.80134871916057,7.902441882765591,REVIEW
401856820,2026,5,2026-10-04T03:00:00.000Z,Cincinnati,Arizona,Arizona Stadium,True,1.233407685522121,58.33438095238096,28.55048663342942,29.783894318951543,29.0,30.0,Arizona,Arizona by 1.2,Cincinnati 29 - Arizona 30,True,-7.0,Arizona -7.0,Arizona,-5.76659231447788,5.76659231447788,Cincinnati,Cincinnati (5.8 pts),-0.3996992155134501,Cincinnati,LOW,Cincinnati (LOW),STRONG,False,UNKNOWN,False,UNKNOWN,MEDIUM,2.5,LOW,WATCH / REVIEW,35.0,REVIEW,GOOD / CONTEXT LIMITED,3,True,injury feed unavailable; verified weather unavailable; context review: MEDIUM.,V1.1 market lean: Cincinnati (5.8-point model/market difference); context favors Cincinnati (LOW); sample size: STRONG; verified weather unavailable; verified injury feed unavailable; review priority: MEDIUM.,Cincinnati,Arizona,58.33438095238096,-1.233407685522121,28.55048663342942,29.783894318951543,1.233407685522121,REVIEW
401869932,2026,5,2026-10-04T00:00:00.000Z,Arkansas State,Louisiana,Cajun Field,True,8.650855703810343,55.27546031746032,23.31230230682499,31.963158010635333,23.0,32.0,Louisiana,Louisiana by 8.7,Arkansas State 23 - Louisiana 32,True,-4.5,Louisiana -4.5,Louisiana,4.150855703810343,4.150855703810343,Louisiana,Louisiana (4.2 pts),-0.1094453134327813,Arkansas State,VERY LOW,Arkansas State (VERY LOW),STRONG,False,UNKNOWN,False,UNKNOWN,LOW,2.5,LOW,WATCH / REVIEW,36.0,REVIEW,GOOD / CONTEXT LIMITED,3,True,injury feed unavailable; verified weather unavailable; context review: LOW.,V1.1 market lean: Louisiana (4.2-point model/market difference); context favors Arkansas State (VERY LOW); sample size: STRONG; verified weather unavailable; verified injury feed unavailable; review priority: LOW.,Arkansas State,Louisiana,55.27546031746032,-8.650855703810343,23.31230230682499,31.963158010635333,8.650855703810343,REVIEW
401856710,2026,5,2026-10-03T19:30:00.000Z,Auburn,Tennessee,Neyland Stadium,True,10.22806779466193,51.5431126984127,20.657522451875383,30.88559024653732,21.0,31.0,Tennessee,Tennessee by 10.2,Auburn 21 - Tennessee 31,True,-7.5,Tennessee -7.5,Tennessee,2.7280677946619303,2.7280677946619303,Tennessee,Tennessee (2.7 pts),0.2632362900136942,Tennessee,LOW,Tennessee (LOW),STRONG,True,LOW,False,UNKNOWN,MEDIUM,2.5,LOW,WATCH / REVIEW,37.0,REVIEW,GOOD / CONTEXT LIMITED,3,True,injury feed unavailable; context review: MEDIUM.,V1.1 market lean: Tennessee (2.7-point model/market difference); context favors Tennessee (LOW); sample size: STRONG; verified weather risk: LOW; verified injury feed unavailable; review priority: MEDIUM.,Auburn,Tennessee,51.5431126984127,-10.22806779466193,20.657522451875383,30.88559024653732,10.22806779466193,REVIEW
401858246,2026,5,2026-10-03T16:00:00.000Z,Boston College,SMU,Gerald J. Ford Stadium,True,14.14041748257476,57.05385808080809,21.456720299116665,35.59713778169142,21.0,36.0,SMU,SMU by 14.1,Boston College 21 - SMU 36,True,-21.0,SMU -21.0,SMU,-6.85958251742524,6.85958251742524,Boston College,Boston College (6.9 pts),1.1043725155302158,SMU,VERY HIGH,SMU (VERY HIGH),STRONG,False,UNKNOWN,False,UNKNOWN,HIGH,2.25,LOW,WATCH / REVIEW,38.0,REVIEW,GOOD / CONTEXT LIMITED,3,True,injury feed unavailable; verified weather unavailable; context review: HIGH.,V1.1 market lean: Boston College (6.9-point model/market difference); context favors SMU (VERY HIGH); sample size: STRONG; verified weather unavailable; verified injury feed unavailable; review priority: HIGH.,Boston College,SMU,57.05385808080809,-14.14041748257476,21.456720299116665,35.59713778169142,14.14041748257476,REVIEW
401858250,2026,5,2026-10-03T16:00:00.000Z,Notre Dame,North Carolina,Kenan Stadium,True,-16.143475754661004,57.38911349206346,36.76629462336223,20.622818868701227,37.0,21.0,Notre Dame,Notre Dame by 16.1,Notre Dame 37 - North Carolina 21,True,22.5,Notre Dame +22.5,Notre Dame,6.356524245338996,6.356524245338996,North Carolina,North Carolina (6.4 pts),-0.5620357175228068,Notre Dame,MEDIUM,Notre Dame (MEDIUM),GOOD,False,UNKNOWN,False,UNKNOWN,MEDIUM,2.25,LOW,WATCH / REVIEW,39.0,REVIEW,GOOD,3,True,injury feed unavailable; verified weather unavailable; context review: MEDIUM.,V1.1 market lean: North Carolina (6.4-point model/market difference); context favors Notre Dame (MEDIUM); sample size: GOOD; verified weather unavailable; verified injury feed unavailable; review priority: MEDIUM.,Notre Dame,North Carolina,57.38911349206346,16.143475754661004,36.76629462336223,20.622818868701227,16.143475754661004,REVIEW
401866430,2026,5,2026-10-03T19:30:00.000Z,Akron,Central Michigan,Kelly/Shorts Stadium,True,-0.2277827603117425,52.18293210678214,26.20535743354694,25.9775746732352,26.0,26.0,Akron,Akron by 0.2,Akron 26 - Central Michigan 26,True,-5.5,Central Michigan -5.5,Central Michigan,-5.727782760311743,5.727782760311743,Akron,Akron (5.7 pts),-0.2240394508271292,Akron,LOW,Akron (LOW),STRONG,False,UNKNOWN,False,UNKNOWN,HIGH,2.25,LOW,WATCH / REVIEW,40.0,REVIEW,GOOD / CONTEXT LIMITED,3,True,injury feed unavailable; verified weather unavailable; context review: HIGH.,V1.1 market lean: Akron (5.7-point model/market difference); context favors Akron (LOW); sample size: STRONG; verified weather unavailable; verified injury feed unavailable; review priority: HIGH.,Akron,Central Michigan,52.18293210678214,0.2277827603117425,26.20535743354694,25.9775746732352,0.2277827603117425,REVIEW
401860899,2026,5,2026-10-03T22:00:00.000Z,Oregon State,Colorado State,Canvas Stadium,True,-0.3149759739639158,61.27494999999999,30.794962986981957,30.47998701301804,31.0,30.0,Oregon State,Oregon State by 0.3,Oregon State 31 - Colorado State 30,True,4.0,Oregon State +4.0,Oregon State,3.685024026036084,3.685024026036084,Colorado State,Colorado State (3.7 pts),-0.4325492289022407,Oregon State,LOW,Oregon State (LOW),STRONG,False,UNKNOWN,False,UNKNOWN,LOW,2.25,LOW,WATCH / REVIEW,41.0,REVIEW,GOOD / CONTEXT LIMITED,3,True,injury feed unavailable; verified weather unavailable; context review: LOW.,V1.1 market lean: Colorado State (3.7-point model/market difference); context favors Oregon State (LOW); sample size: STRONG; verified weather unavailable; verified injury feed unavailable; review priority: LOW.,Oregon State,Colorado State,61.27494999999999,0.3149759739639158,30.794962986981957,30.47998701301804,0.3149759739639158,REVIEW
401858249,2026,5,2026-10-03T23:30:00.000Z,Miami,Clemson,"Memorial Stadium (Clemson, SC)",True,-15.235970827588202,53.70498650793651,34.47047866776236,19.234507840174157,34.0,19.0,Miami,Miami by 15.2,Miami 34 - Clemson 19,True,17.5,Miami +17.5,Miami,2.2640291724117976,2.2640291724117976,Clemson,Clemson (2.3 pts),-1.7724061929710042,Miami,VERY HIGH,Miami (VERY HIGH),STRONG,False,UNKNOWN,False,UNKNOWN,LOW,2.25,LOW,WATCH / REVIEW,42.0,REVIEW,GOOD / CONTEXT LIMITED,3,True,injury feed unavailable; verified weather unavailable; context review: LOW.,V1.1 market lean: Clemson (2.3-point model/market difference); context favors Miami (VERY HIGH); sample size: STRONG; verified weather unavailable; verified injury feed unavailable; review priority: LOW.,Miami,Clemson,53.70498650793651,15.235970827588202,34.47047866776236,19.234507840174157,15.235970827588202,REVIEW
401856707,2026,5,2026-10-03T16:00:00.000Z,Alabama,Mississippi State,Davis Wade Stadium,True,-7.74382657398544,59.38965952380951,33.56674304889748,25.82291647491204,34.0,26.0,Alabama,Alabama by 7.7,Alabama 34 - Mississippi State 26,True,5.5,Alabama +5.5,Alabama,-2.24382657398544,2.24382657398544,Alabama,Alabama (2.2 pts),-0.0576493173821234,Alabama,VERY LOW,Alabama (VERY LOW),STRONG,False,UNKNOWN,False,UNKNOWN,LOW,2.25,LOW,WATCH / REVIEW,43.0,REVIEW,GOOD / CONTEXT LIMITED,3,True,injury feed unavailable; verified weather unavailable; context review: LOW.,V1.1 market lean: Alabama (2.2-point model/market difference); context favors Alabama (VERY LOW); sample size: STRONG; verified weather unavailable; verified injury feed unavailable; review priority: LOW.,Alabama,Mississippi State,59.38965952380951,7.74382657398544,33.56674304889748,25.82291647491204,7.74382657398544,REVIEW
401856818,2026,5,2026-10-03T23:00:00.000Z,BYU,TCU,Amon G. Carter Stadium,True,-3.1173488700653245,59.04539523809524,31.081372054080283,27.964023184014955,31.0,28.0,BYU,BYU by 3.1,BYU 31 - TCU 28,True,6.5,BYU +6.5,BYU,3.3826511299346755,3.3826511299346755,TCU,TCU (3.4 pts),-0.5950866085743982,BYU,MEDIUM,BYU (MEDIUM),GOOD,False,UNKNOWN,False,UNKNOWN,LOW,1.75,LOW,WATCH / REVIEW,44.0,REVIEW,GOOD,3,True,injury feed unavailable; verified weather unavailable; context review: LOW.,V1.1 market lean: TCU (3.4-point model/market difference); context favors BYU (MEDIUM); sample size: GOOD; verified weather unavailable; verified injury feed unavailable; review priority: LOW.,BYU,TCU,59.04539523809524,3.1173488700653245,31.081372054080283,27.964023184014955,3.1173488700653245,REVIEW
401869842,2026,5,2026-10-03T23:30:00.000Z,Army,Louisiana Tech,Joe Aillet Stadium,True,0.8890663530302159,53.0355753968254,26.073254521897592,26.96232087492781,26.0,27.0,Louisiana Tech,Louisiana Tech by 0.9,Army 26 - Louisiana Tech 27,True,3.5,Army +3.5,Army,4.389066353030216,4.389066353030216,Louisiana Tech,Louisiana Tech (4.4 pts),-0.3115822820380388,Army,LOW,Army (LOW),GOOD,False,UNKNOWN,False,UNKNOWN,MEDIUM,1.0,VERY LOW,WATCH / REVIEW,51.0,REVIEW,GOOD,3,True,injury feed unavailable; verified weather unavailable; context review: MEDIUM.,V1.1 market lean: Louisiana Tech (4.4-point model/market difference); context favors Army (LOW); sample size: GOOD; verified weather unavailable; verified injury feed unavailable; review priority: MEDIUM.,Army,Louisiana Tech,53.0355753968254,-0.8890663530302159,26.073254521897592,26.96232087492781,0.8890663530302159,REVIEW
401858253,2026,5,2026-10-03T19:30:00.000Z,Virginia,Florida State,Doak Campbell Stadium,True,0.9351883887204884,59.84753571428567,29.45617366278259,30.39136205150308,29.0,30.0,Florida State,Florida State by 0.9,Virginia 29 - Florida State 30,True,3.0,Virginia +3.0,Virginia,3.935188388720488,3.935188388720488,Florida State,Florida State (3.9 pts),-0.1867326910510965,Virginia,VERY LOW,Virginia (VERY LOW),STRONG,False,UNKNOWN,False,UNKNOWN,LOW,1.0,VERY LOW,WATCH / REVIEW,52.0,REVIEW,GOOD / CONTEXT LIMITED,3,True,injury feed unavailable; verified weather unavailable; context review: LOW.,V1.1 market lean: Florida State (3.9-point model/market difference); context favors Virginia (VERY LOW); sample size: STRONG; verified weather unavailable; verified injury feed unavailable; review priority: LOW.,Virginia,Florida State,59.84753571428567,-0.9351883887204884,29.45617366278259,30.39136205150308,0.9351883887204884,REVIEW
401858476,2026,5,2026-10-03T00:00:00.000Z,Penn State,Northwestern,Ryan Field,True,-7.806636077219125,57.72071507936509,32.76367557829211,24.957039501072984,33.0,25.0,Penn State,Penn State by 7.8,Penn State 33 - Northwestern 25,True,3.0,Penn State +3.0,Penn State,-4.806636077219125,4.806636077219125,Penn State,Penn State (4.8 pts),0.2295332447823556,Northwestern,LOW,Northwestern (LOW),GOOD,True,HIGH,False,UNKNOWN,HIGH,0.0,VERY LOW,WATCH / REVIEW,56.0,REVIEW,GOOD,3,True,injury feed unavailable; context review: HIGH.,V1.1 market lean: Penn State (4.8-point model/market difference); context favors Northwestern (LOW); sample size: GOOD; verified weather risk: HIGH; verified injury feed unavailable; review priority: HIGH.,Penn State,Northwestern,57.72071507936509,7.806636077219125,32.76367557829211,24.957039501072984,7.806636077219125,REVIEW
401869962,2026,5,2026-10-03T19:45:00.000Z,Marshall,James Madison,Bridgeforth Stadium,True,16.233803684432974,56.34691428571431,20.056555300640667,36.290358985073645,20.0,36.0,James Madison,James Madison by 16.2,Marshall 20 - James Madison 36,True,-15.5,James Madison -15.5,James Madison,0.7338036844329743,0.7338036844329743,James Madison,James Madison (0.7 pts),1.2290206241117627,James Madison,VERY HIGH,James Madison (VERY HIGH),STRONG,False,UNKNOWN,False,UNKNOWN,LOW,3.25,MEDIUM,PASS,21.0,PASS,GOOD / CONTEXT LIMITED,4,False,injury feed unavailable; verified weather unavailable; context review: LOW.,V1.1 market lean: James Madison (0.7-point model/market difference); context favors James Madison (VERY HIGH); sample size: STRONG; verified weather unavailable; verified injury feed unavailable; review priority: LOW.,Marshall,James Madison,56.34691428571431,-16.233803684432974,20.056555300640667,36.290358985073645,16.233803684432974,PASS
401858251,2026,5,2026-10-03T16:00:00.000Z,Stanford,Wake Forest,Allegacy Federal Credit Union Stadium,True,12.549128602982186,56.24980873015871,21.850340063588263,34.39946866657045,22.0,34.0,Wake Forest,Wake Forest by 12.5,Stanford 22 - Wake Forest 34,True,-12.5,Wake Forest -12.5,Wake Forest,0.0491286029821864,0.0491286029821864,Wake Forest,Wake Forest (0.0 pts),0.8084599729279092,Wake Forest,HIGH,Wake Forest (HIGH),STRONG,False,UNKNOWN,False,UNKNOWN,LOW,2.75,LOW,PASS,32.0,PASS,GOOD / CONTEXT LIMITED,4,False,injury feed unavailable; verified weather unavailable; context review: LOW.,V1.1 market lean: Wake Forest (0.0-point model/market difference); context favors Wake Forest (HIGH); sample size: STRONG; verified weather unavailable; verified injury feed unavailable; review priority: LOW.,Stanford,Wake Forest,56.24980873015871,-12.549128602982186,21.850340063588263,34.39946866657045,12.549128602982186,PASS
401866431,2026,5,2026-10-03T18:00:00.000Z,Toledo,Ball State,Scheumann Stadium,True,-15.622335250675857,55.95750793650792,35.78992159359189,20.16758634291603,36.0,20.0,Toledo,Toledo by 15.6,Toledo 36 - Ball State 20,True,17.5,Toledo +17.5,Toledo,1.877664749324144,1.877664749324144,Ball State,Ball State (1.9 pts),-1.4086901173160322,Toledo,VERY HIGH,Toledo (VERY HIGH),STRONG,False,UNKNOWN,False,UNKNOWN,LOW,1.25,VERY LOW,PASS,45.0,PASS,GOOD / CONTEXT LIMITED,4,False,injury feed unavailable; verified weather unavailable; context review: LOW.,V1.1 market lean: Ball State (1.9-point model/market difference); context favors Toledo (VERY HIGH); sample size: STRONG; verified weather unavailable; verified injury feed unavailable; review priority: LOW.,Toledo,Ball State,55.95750793650792,15.622335250675857,35.78992159359189,20.16758634291603,15.622335250675857,PASS
401871050,2026,5,2026-10-02T23:00:00.000Z,Liberty,Delaware,Delaware Stadium,True,-5.175964306049578,56.12909920634922,30.6525317561994,25.47656745014982,31.0,25.0,Liberty,Liberty by 5.2,Liberty 31 - Delaware 25,True,7.0,Liberty +7.0,Liberty,1.8240356939504216,1.8240356939504216,Delaware,Delaware (1.8 pts),-0.7796688696217061,Liberty,HIGH,Liberty (HIGH),STRONG,False,UNKNOWN,False,UNKNOWN,LOW,1.25,VERY LOW,PASS,46.0,PASS,GOOD / CONTEXT LIMITED,4,False,injury feed unavailable; verified weather unavailable; context review: LOW.,V1.1 market lean: Delaware (1.8-point model/market difference); context favors Liberty (HIGH); sample size: STRONG; verified weather unavailable; verified injury feed unavailable; review priority: LOW.,Liberty,Delaware,56.12909920634922,5.175964306049578,30.6525317561994,25.47656745014982,5.175964306049578,PASS
401858247,2026,5,2026-10-03T19:30:00.000Z,California,UNLV,Allegiant Stadium,True,3.07544247474496,55.33801666666666,26.13128709596085,29.20672957070581,26.0,29.0,UNLV,UNLV by 3.1,California 26 - UNLV 29,True,-1.5,UNLV -1.5,UNLV,1.57544247474496,1.57544247474496,UNLV,UNLV (1.6 pts),0.1448481385541905,UNLV,VERY LOW,UNLV (VERY LOW),STRONG,False,UNKNOWN,False,UNKNOWN,LOW,1.25,VERY LOW,PASS,47.0,PASS,GOOD / CONTEXT LIMITED,4,False,injury feed unavailable; verified weather unavailable; context review: LOW.,V1.1 market lean: UNLV (1.6-point model/market difference); context favors UNLV (VERY LOW); sample size: STRONG; verified weather unavailable; verified injury feed unavailable; review priority: LOW.,California,UNLV,55.33801666666666,-3.07544247474496,26.13128709596085,29.20672957070581,3.07544247474496,PASS
401856705,2026,5,2026-10-03T16:45:00.000Z,Vanderbilt,Georgia,Sanford Stadium,True,23.9325758298922,54.39943888888888,15.23343152949834,39.16600735939054,15.0,39.0,Georgia,Georgia by 23.9,Vanderbilt 15 - Georgia 39,True,-25.5,Georgia -25.5,Georgia,-1.5674241701077989,1.5674241701077989,Vanderbilt,Vanderbilt (1.6 pts),1.364578692235777,Georgia,VERY HIGH,Georgia (VERY HIGH),STRONG,False,UNKNOWN,False,UNKNOWN,LOW,1.25,VERY LOW,PASS,48.0,PASS,GOOD / CONTEXT LIMITED,4,False,injury feed unavailable; verified weather unavailable; context review: LOW.,V1.1 market lean: Vanderbilt (1.6-point model/market difference); context favors Georgia (VERY HIGH); sample size: STRONG; verified weather unavailable; verified injury feed unavailable; review priority: LOW.,Vanderbilt,Georgia,54.39943888888888,-23.9325758298922,15.23343152949834,39.16600735939054,23.9325758298922,PASS
401858475,2026,5,2026-10-03T20:00:00.000Z,Maryland,Nebraska,"Memorial Stadium (Lincoln, NE)",True,12.076071604542037,54.45994841269842,21.19193840407819,33.26801000862022,21.0,33.0,Nebraska,Nebraska by 12.1,Maryland 21 - Nebraska 33,True,-13.5,Nebraska -13.5,Nebraska,-1.4239283954579631,1.4239283954579631,Maryland,Maryland (1.4 pts),0.9817167302651174,Nebraska,HIGH,Nebraska (HIGH),STRONG,False,UNKNOWN,False,UNKNOWN,LOW,1.25,VERY LOW,PASS,49.0,PASS,GOOD / CONTEXT LIMITED,4,False,injury feed unavailable; verified weather unavailable; context review: LOW.,V1.1 market lean: Maryland (1.4-point model/market difference); context favors Nebraska (HIGH); sample size: STRONG; verified weather unavailable; verified injury feed unavailable; review priority: LOW.,Maryland,Nebraska,54.45994841269842,-12.076071604542037,21.19193840407819,33.26801000862022,12.076071604542037,PASS
401856819,2026,5,2026-10-03T16:00:00.000Z,UCF,Houston,TDECU Stadium,True,9.881164223193252,56.302551587301615,23.21069368205418,33.09185790524744,23.0,33.0,Houston,Houston by 9.9,UCF 23 - Houston 33,True,-10.5,Houston -10.5,Houston,-0.6188357768067476,0.6188357768067476,UCF,UCF (0.6 pts),0.7232461710071928,Houston,MEDIUM,Houston (MEDIUM),STRONG,False,UNKNOWN,False,UNKNOWN,LOW,1.25,VERY LOW,PASS,50.0,PASS,GOOD / CONTEXT LIMITED,4,False,injury feed unavailable; verified weather unavailable; context review: LOW.,V1.1 market lean: UCF (0.6-point model/market difference); context favors Houston (MEDIUM); sample size: STRONG; verified weather unavailable; verified injury feed unavailable; review priority: LOW.,UCF,Houston,56.302551587301615,-9.881164223193252,23.21069368205418,33.09185790524744,9.881164223193252,PASS
401856817,2026,5,2026-10-04T02:30:00.000Z,Baylor,Arizona State,Mountain America Stadium,True,5.434345647023355,53.175978571428566,23.870816462202605,29.30516210922596,24.0,29.0,Arizona State,Arizona State by 5.4,Baylor 24 - Arizona State 29,True,-4.0,Arizona State -4.0,Arizona State,1.434345647023355,1.434345647023355,Arizona State,Arizona State (1.4 pts),0.1592829069145666,Arizona State,VERY LOW,Arizona State (VERY LOW),GOOD,False,UNKNOWN,False,UNKNOWN,LOW,0.75,VERY LOW,PASS,53.0,PASS,GOOD,4,False,injury feed unavailable; verified weather unavailable; context review: LOW.,V1.1 market lean: Arizona State (1.4-point model/market difference); context favors Arizona State (VERY LOW); sample size: GOOD; verified weather unavailable; verified injury feed unavailable; review priority: LOW.,Baylor,Arizona State,53.175978571428566,-5.434345647023355,23.870816462202605,29.30516210922596,5.434345647023355,PASS
401862791,2026,5,2026-10-03T16:00:00.000Z,Navy,Air Force,Falcon Stadium,True,0.7270119777932631,50.61839841269839,24.945693217452565,25.672705195245825,25.0,26.0,Air Force,Air Force by 0.7,Navy 25 - Air Force 26,True,-1.5,Air Force -1.5,Air Force,-0.7729880222067369,0.7729880222067369,Navy,Navy (0.8 pts),0.1954033813682989,Air Force,VERY LOW,Air Force (VERY LOW),GOOD,False,UNKNOWN,False,UNKNOWN,LOW,0.75,VERY LOW,PASS,54.0,PASS,GOOD,4,False,injury feed unavailable; verified weather unavailable; context review: LOW.,V1.1 market lean: Navy (0.8-point model/market difference); context favors Air Force (VERY LOW); sample size: GOOD; verified weather unavailable; verified injury feed unavailable; review priority: LOW.,Navy,Air Force,50.61839841269839,-0.7270119777932631,24.945693217452565,25.672705195245825,0.7270119777932631,PASS
401862786,2026,5,2026-10-02T01:00:00.000Z,North Texas,Tulsa,Chapman Stadium,True,3.0323976815455143,57.51403571428572,27.240819016370104,30.27321669791561,27.0,30.0,Tulsa,Tulsa by 3.0,North Texas 27 - Tulsa 30,True,-2.5,Tulsa -2.5,Tulsa,0.5323976815455143,0.5323976815455143,Tulsa,Tulsa (0.5 pts),-0.8025212937201708,North Texas,HIGH,North Texas (HIGH),STRONG,False,UNKNOWN,False,UNKNOWN,LOW,0.5,VERY LOW,PASS,55.0,PASS,GOOD / CONTEXT LIMITED,4,False,injury feed unavailable; verified weather unavailable; context review: LOW.,V1.1 market lean: Tulsa (0.5-point model/market difference); context favors North Texas (HIGH); sample size: STRONG; verified weather unavailable; verified injury feed unavailable; review priority: LOW.,North Texas,Tulsa,57.51403571428572,-3.0323976815455143,27.240819016370104,30.27321669791561,3.0323976815455143,PASS
401868094,2026,5,2026-10-03T01:30:00.000Z,Montana State,Idaho,Kibbie Dome,False,,,,,,,,No V1.1 prediction,,False,,No market spread,,,,,,-0.897914883940639,Montana State,HIGH,,STRONG,False,UNKNOWN,False,UNKNOWN,NO V1.1,,UNSUPPORTED,NO V1.1 BASELINE,,UNSUPPORTED,UNSUPPORTED,6,False,Outside frozen V1.1 team universe. No model prediction.,Outside the frozen V1.1 team universe; no V1.1 decision generated.,Montana State,Idaho,,,,,,UNSUPPORTED
401867910,2026,5,2026-10-03T16:00:00.000Z,Mercyhurst,Long Island University,Shark Stadium,False,,,,,,,,No V1.1 prediction,,False,,No market spread,,,,,,0.2734118368180588,Long Island University,LOW,,STRONG,False,UNKNOWN,False,UNKNOWN,NO V1.1,,UNSUPPORTED,NO V1.1 BASELINE,,UNSUPPORTED,UNSUPPORTED,6,False,Outside frozen V1.1 team universe. No model prediction.,Outside the frozen V1.1 team universe; no V1.1 decision generated.,Mercyhurst,Long Island University,,,,,,UNSUPPORTED
401870840,2026,5,2026-10-03T16:00:00.000Z,Merrimack,Yale,Yale Bowl,False,,,,,,,,No V1.1 prediction,,False,,No market spread,,,,,,0.5364195942928842,Yale,MEDIUM,,LIMITED,False,UNKNOWN,False,UNKNOWN,NO V1.1,,UNSUPPORTED,NO V1.1 BASELINE,,UNSUPPORTED,UNSUPPORTED,6,False,Outside frozen V1.1 team universe. No model prediction.,Outside the frozen V1.1 team universe; no V1.1 decision generated.,Merrimack,Yale,,,,,,UNSUPPORTED
401868010,2026,5,2026-10-03T16:00:00.000Z,Fordham,Lehigh,Goodman Stadium,False,,,,,,,,No V1.1 prediction,,False,,No market spread,,,,,,1.0018333425157755,Lehigh,HIGH,,STRONG,False,UNKNOWN,False,UNKNOWN,NO V1.1,,UNSUPPORTED,NO V1.1 BASELINE,,UNSUPPORTED,UNSUPPORTED,6,False,Outside frozen V1.1 team universe. No model prediction.,Outside the frozen V1.1 team universe; no V1.1 decision generated.,Fordham,Lehigh,,,,,,UNSUPPORTED
401867819,2026,5,2026-10-03T16:00:00.000Z,Princeton,Columbia,Lawrence A. Wien Stadium,False,,,,,,,,No V1.1 prediction,,False,,No market spread,,,,,,0.0645287512748871,Columbia,VERY LOW,,LIMITED,False,UNKNOWN,False,UNKNOWN,NO V1.1,,UNSUPPORTED,NO V1.1 BASELINE,,UNSUPPORTED,UNSUPPORTED,6,False,Outside frozen V1.1 team universe. No model prediction.,Outside the frozen V1.1 team universe; no V1.1 decision generated.,Princeton,Columbia,,,,,,UNSUPPORTED
401866654,2026,5,2026-10-03T16:00:00.000Z,Brown,Rhode Island,Centreville Bank Stadium,False,,,,,,,,No V1.1 prediction,,False,,No market spread,,,,,,-0.1755691165790043,Brown,VERY LOW,,LIMITED,False,UNKNOWN,False,UNKNOWN,NO V1.1,,UNSUPPORTED,NO V1.1 BASELINE,,UNSUPPORTED,UNSUPPORTED,6,False,Outside frozen V1.1 team universe. No model prediction.,Outside the frozen V1.1 team universe; no V1.1 decision generated.,Brown,Rhode Island,,,,,,UNSUPPORTED
401867899,2026,5,2026-10-03T16:00:00.000Z,Wagner,Central Connecticut,Arute Field,False,,,,,,,,No V1.1 prediction,,False,,No market spread,,,,,,0.304158427319211,Central Connecticut,LOW,,GOOD,False,UNKNOWN,False,UNKNOWN,NO V1.1,,UNSUPPORTED,NO V1.1 BASELINE,,UNSUPPORTED,UNSUPPORTED,6,False,Outside frozen V1.1 team universe. No model prediction.,Outside the frozen V1.1 team universe; no V1.1 decision generated.,Wagner,Central Connecticut,,,,,,UNSUPPORTED
401867828,2026,5,2026-10-03T16:30:00.000Z,Cornell,Georgetown,Cooper Field,False,,,,,,,,No V1.1 prediction,,False,,No market spread,,,,,,-0.1272195709305813,Cornell,VERY LOW,,LIMITED,True,MINIMAL,False,UNKNOWN,NO V1.1,,UNSUPPORTED,NO V1.1 BASELINE,,UNSUPPORTED,UNSUPPORTED,6,False,Outside frozen V1.1 team universe. No model prediction.,Outside the frozen V1.1 team universe; no V1.1 decision generated.,Cornell,Georgetown,,,,,,UNSUPPORTED
401868029,2026,5,2026-10-03T16:30:00.000Z,Richmond,Lafayette,Fisher Field,False,,,,,,,,No V1.1 prediction,,False,,No market spread,,,,,,0.1897327888879243,Lafayette,VERY LOW,,STRONG,True,HIGH,False,UNKNOWN,NO V1.1,,UNSUPPORTED,NO V1.1 BASELINE,,UNSUPPORTED,UNSUPPORTED,6,False,Outside frozen V1.1 team universe. No model prediction.,Outside the frozen V1.1 team universe; no V1.1 decision generated.,Richmond,Lafayette,,,,,,UNSUPPORTED
401906952,2026,5,2026-10-03T17:00:00.000Z,Fort Valley State,Central State,McPherson Memorial Stadium,False,,,,,,,,No V1.1 prediction,,False,,No market spread,,,,,,1.4258557813369108,Central State,VERY HIGH,,VERY LIMITED,False,UNKNOWN,False,UNKNOWN,NO V1.1,,UNSUPPORTED,NO V1.1 BASELINE,,UNSUPPORTED,UNSUPPORTED,6,False,Outside frozen V1.1 team universe. No model prediction.,Outside the frozen V1.1 team universe; no V1.1 decision generated.,Fort Valley State,Central State,,,,,,UNSUPPORTED
401867967,2026,5,2026-10-03T17:00:00.000Z,Morgan State,Villanova,Villanova Stadium,False,,,,,,,,No V1.1 prediction,,False,,No market spread,,,,,,-0.6809614785328578,Morgan State,MEDIUM,,STRONG,False,UNKNOWN,False,UNKNOWN,NO V1.1,,UNSUPPORTED,NO V1.1 BASELINE,,UNSUPPORTED,UNSUPPORTED,6,False,Outside frozen V1.1 team universe. No model prediction.,Outside the frozen V1.1 team universe; no V1.1 decision generated.,Morgan State,Villanova,,,,,,UNSUPPORTED
401868228,2026,5,2026-10-03T17:00:00.000Z,Dayton,Drake,Drake Stadium,False,,,,,,,,No V1.1 prediction,,False,,No market spread,,,,,,-0.4182632481979197,Dayton,LOW,,GOOD,False,UNKNOWN,False,UNKNOWN,NO V1.1,,UNSUPPORTED,NO V1.1 BASELINE,,UNSUPPORTED,UNSUPPORTED,6,False,Outside frozen V1.1 team universe. No model prediction.,Outside the frozen V1.1 team universe; no V1.1 decision generated.,Dayton,Drake,,,,,,UNSUPPORTED
401866650,2026,5,2026-10-03T17:00:00.000Z,Elon,New Hampshire,Wildcat Stadium,False,,,,,,,,No V1.1 prediction,,False,,No market spread,,,,,,-0.6294878161570114,Elon,MEDIUM,,STRONG,False,UNKNOWN,False,UNKNOWN,NO V1.1,,UNSUPPORTED,NO V1.1 BASELINE,,UNSUPPORTED,UNSUPPORTED,6,False,Outside frozen V1.1 team universe. No model prediction.,Outside the frozen V1.1 team universe; no V1.1 decision generated.,Elon,New Hampshire,,,,,,UNSUPPORTED
401868264,2026,5,2026-10-03T17:00:00.000Z,Marist,Stetson,Spec Martin Municipal Stadium,False,,,,,,,,No V1.1 prediction,,False,,No market spread,,,,,,-1.1068966059431462,Marist,VERY HIGH,,GOOD,False,UNKNOWN,False,UNKNOWN,NO V1.1,,UNSUPPORTED,NO V1.1 BASELINE,,UNSUPPORTED,UNSUPPORTED,6,False,Outside frozen V1.1 team universe. No model prediction.,Outside the frozen V1.1 team universe; no V1.1 decision generated.,Marist,Stetson,,,,,,UNSUPPORTED
401868276,2026,5,2026-10-03T17:00:00.000Z,St. Thomas (MN),Presbyterian,Bailey Memorial Stadium,False,,,,,,,,No V1.1 prediction,,False,,No market spread,,,,,,-1.6371495675904515,St. Thomas (MN),VERY HIGH,,STRONG,False,UNKNOWN,False,UNKNOWN,NO V1.1,,UNSUPPORTED,NO V1.1 BASELINE,,UNSUPPORTED,UNSUPPORTED,6,False,Outside frozen V1.1 team universe. No model prediction.,Outside the frozen V1.1 team universe; no V1.1 decision generated.,St. Thomas (MN),Presbyterian,,,,,,UNSUPPORTED
401866651,2026,5,2026-10-03T17:00:00.000Z,Towson,Monmouth,Kessler Stadium,False,,,,,,,,No V1.1 prediction,,False,,No market spread,,,,,,0.4279880661825627,Monmouth,LOW,,STRONG,False,UNKNOWN,False,UNKNOWN,NO V1.1,,UNSUPPORTED,NO V1.1 BASELINE,,UNSUPPORTED,UNSUPPORTED,6,False,Outside frozen V1.1 team universe. No model prediction.,Outside the frozen V1.1 team universe; no V1.1 decision generated.,Towson,Monmouth,,,,,,UNSUPPORTED
401868270,2026,5,2026-10-03T17:00:00.000Z,Valparaiso,Morehead State,Jayne Stadium,False,,,,,,,,No V1.1 prediction,,False,,No market spread,,,,,,-0.1966123769156521,Valparaiso,VERY LOW,,GOOD,False,UNKNOWN,False,UNKNOWN,NO V1.1,,UNSUPPORTED,NO V1.1 BASELINE,,UNSUPPORTED,UNSUPPORTED,6,False,Outside frozen V1.1 team universe. No model prediction.,Outside the frozen V1.1 team universe; no V1.1 decision generated.,Valparaiso,Morehead State,,,,,,UNSUPPORTED
401868381,2026,5,2026-10-03T17:30:00.000Z,Mercer,VMI,Alumni Memorial Field,False,,,,,,,,No V1.1 prediction,,False,,No market spread,,,,,,-1.2464474933748513,Mercer,VERY HIGH,,STRONG,True,MINIMAL,False,UNKNOWN,NO V1.1,,UNSUPPORTED,NO V1.1 BASELINE,,UNSUPPORTED,UNSUPPORTED,6,False,Outside frozen V1.1 team universe. No model prediction.,Outside the frozen V1.1 team universe; no V1.1 decision generated.,Mercer,VMI,,,,,,UNSUPPORTED
401867835,2026,5,2026-10-03T17:30:00.000Z,Pennsylvania,Dartmouth,Memorial Field,False,,,,,,,,No V1.1 prediction,,False,,No market spread,,,,,,0.6122429782203663,Dartmouth,MEDIUM,,LIMITED,True,MINIMAL,False,UNKNOWN,NO V1.1,,UNSUPPORTED,NO V1.1 BASELINE,,UNSUPPORTED,UNSUPPORTED,6,False,Outside frozen V1.1 team universe. No model prediction.,Outside the frozen V1.1 team universe; no V1.1 decision generated.,Pennsylvania,Dartmouth,,,,,,UNSUPPORTED
401867986,2026,5,2026-10-03T18:00:00.000Z,The Citadel,South Carolina State,Oliver C. Dawson Stadium,False,,,,,,,,No V1.1 prediction,,False,,No market spread,,,,,,1.3954413695476364,South Carolina State,VERY HIGH,,STRONG,False,UNKNOWN,False,UNKNOWN,NO V1.1,,UNSUPPORTED,NO V1.1 BASELINE,,UNSUPPORTED,UNSUPPORTED,6,False,Outside frozen V1.1 team universe. No model prediction.,Outside the frozen V1.1 team universe; no V1.1 decision generated.,The Citadel,South Carolina State,,,,,,UNSUPPORTED
401907598,2026,5,2026-10-03T18:00:00.000Z,Glenville State,Fairmont State,Duvall-Rosier Field,False,,,,,,,,No V1.1 prediction,,False,,No market spread,,,,,,0.7486489888612843,Fairmont State,MEDIUM,,VERY LIMITED,False,UNKNOWN,False,UNKNOWN,NO V1.1,,UNSUPPORTED,NO V1.1 BASELINE,,UNSUPPORTED,UNSUPPORTED,6,False,Outside frozen V1.1 team universe. No model prediction.,Outside the frozen V1.1 team universe; no V1.1 decision generated.,Glenville State,Fairmont State,,,,,,UNSUPPORTED
401868375,2026,5,2026-10-03T18:00:00.000Z,Wofford,Furman,Paladin Stadium,False,,,,,,,,No V1.1 prediction,,False,,No market spread,,,,,,0.0761937771205351,Furman,VERY LOW,,STRONG,False,UNKNOWN,False,UNKNOWN,NO V1.1,,UNSUPPORTED,NO V1.1 BASELINE,,UNSUPPORTED,UNSUPPORTED,6,False,Outside frozen V1.1 team universe. No model prediction.,Outside the frozen V1.1 team universe; no V1.1 decision generated.,Wofford,Furman,,,,,,UNSUPPORTED
401867918,2026,5,2026-10-03T18:00:00.000Z,Norfolk State,Robert Morris,Joe Walton Stadium,False,,,,,,,,No V1.1 prediction,,False,,No market spread,,,,,,-0.218504739300331,Norfolk State,LOW,,STRONG,False,UNKNOWN,False,UNKNOWN,NO V1.1,,UNSUPPORTED,NO V1.1 BASELINE,,UNSUPPORTED,UNSUPPORTED,6,False,Outside frozen V1.1 team universe. No model prediction.,Outside the frozen V1.1 team universe; no V1.1 decision generated.,Norfolk State,Robert Morris,,,,,,UNSUPPORTED
401867869,2026,5,2026-10-03T18:00:00.000Z,Murray State,North Dakota,Alerus Center,False,,,,,,,,No V1.1 prediction,,False,,No market spread,,,,,,1.4955772700160546,North Dakota,VERY HIGH,,STRONG,False,UNKNOWN,False,UNKNOWN,NO V1.1,,UNSUPPORTED,NO V1.1 BASELINE,,UNSUPPORTED,UNSUPPORTED,6,False,Outside frozen V1.1 team universe. No model prediction.,Outside the frozen V1.1 team universe; no V1.1 decision generated.,Murray State,North Dakota,,,,,,UNSUPPORTED
401867859,2026,5,2026-10-03T19:00:00.000Z,Indiana State,South Dakota,DakotaDome,False,,,,,,,,No V1.1 prediction,,False,,No market spread,,,,,,0.2753431664769211,South Dakota,LOW,,STRONG,False,UNKNOWN,False,UNKNOWN,NO V1.1,,UNSUPPORTED,NO V1.1 BASELINE,,UNSUPPORTED,UNSUPPORTED,6,False,Outside frozen V1.1 team universe. No model prediction.,Outside the frozen V1.1 team universe; no V1.1 decision generated.,Indiana State,South Dakota,,,,,,UNSUPPORTED
401868965,2026,5,2026-10-03T19:00:00.000Z,Prairie View A&M,Mississippi Valley State,Rice-Totten Field,False,,,,,,,,No V1.1 prediction,,False,,No market spread,,,,,,-0.2657459360107283,Prairie View A&M,LOW,,STRONG,False,UNKNOWN,False,UNKNOWN,NO V1.1,,UNSUPPORTED,NO V1.1 BASELINE,,UNSUPPORTED,UNSUPPORTED,6,False,Outside frozen V1.1 team universe. No model prediction.,Outside the frozen V1.1 team universe; no V1.1 decision generated.,Prairie View A&M,Mississippi Valley State,,,,,,UNSUPPORTED
401868359,2026,5,2026-10-03T19:00:00.000Z,Alcorn State,Grambling,Eddie Robinson Stadium,False,,,,,,,,No V1.1 prediction,,False,,No market spread,,,,,,0.1244294512366654,Grambling,VERY LOW,,STRONG,False,UNKNOWN,False,UNKNOWN,NO V1.1,,UNSUPPORTED,NO V1.1 BASELINE,,UNSUPPORTED,UNSUPPORTED,6,False,Outside frozen V1.1 team universe. No model prediction.,Outside the frozen V1.1 team universe; no V1.1 decision generated.,Alcorn State,Grambling,,,,,,UNSUPPORTED
401866656,2026,5,2026-10-03T19:00:00.000Z,Howard,Hampton,Audi Field,False,,,,,,,,No V1.1 prediction,,False,,No market spread,,,,,,0.4340330213434586,Hampton,LOW,,STRONG,False,UNKNOWN,False,UNKNOWN,NO V1.1,,UNSUPPORTED,NO V1.1 BASELINE,,UNSUPPORTED,UNSUPPORTED,6,False,Outside frozen V1.1 team universe. No model prediction.,Outside the frozen V1.1 team universe; no V1.1 decision generated.,Howard,Hampton,,,,,,UNSUPPORTED
401907325,2026,5,2026-10-03T19:00:00.000Z,Lane College,Miles,Albert J. H. Sloan - Alumni Stadium,False,,,,,,,,No V1.1 prediction,,False,,No market spread,,,,,,0.4327928126376358,Miles,LOW,,VERY LIMITED,False,UNKNOWN,False,UNKNOWN,NO V1.1,,UNSUPPORTED,NO V1.1 BASELINE,,UNSUPPORTED,UNSUPPORTED,6,False,Outside frozen V1.1 team universe. No model prediction.,Outside the frozen V1.1 team universe; no V1.1 decision generated.,Lane College,Miles,,,,,,UNSUPPORTED
401866655,2026,5,2026-10-03T19:30:00.000Z,Delaware State,UAlbany,Bob Ford Field,False,,,,,,,,No V1.1 prediction,,False,,No market spread,,,,,,-0.1238698956592866,Delaware State,VERY LOW,,STRONG,False,UNKNOWN,False,UNKNOWN,NO V1.1,,UNSUPPORTED,NO V1.1 BASELINE,,UNSUPPORTED,UNSUPPORTED,6,False,Outside frozen V1.1 team universe. No model prediction.,Outside the frozen V1.1 team universe; no V1.1 decision generated.,Delaware State,UAlbany,,,,,,UNSUPPORTED
401868025,2026,5,2026-10-03T19:30:00.000Z,Holy Cross,William & Mary,Zable Stadium,False,,,,,,,,No V1.1 prediction,,False,,No market spread,,,,,,-0.16903874240171,Holy Cross,VERY LOW,,STRONG,False,UNKNOWN,False,UNKNOWN,NO V1.1,,UNSUPPORTED,NO V1.1 BASELINE,,UNSUPPORTED,UNSUPPORTED,6,False,Outside frozen V1.1 team universe. No model prediction.,Outside the frozen V1.1 team universe; no V1.1 decision generated.,Holy Cross,William & Mary,,,,,,UNSUPPORTED
401868339,2026,5,2026-10-03T19:30:00.000Z,Chattanooga,East Tennessee State,William B. Greene Jr. Stadium,False,,,,,,,,No V1.1 prediction,,False,,No market spread,,,,,,0.2571623493845063,East Tennessee State,LOW,,STRONG,False,UNKNOWN,False,UNKNOWN,NO V1.1,,UNSUPPORTED,NO V1.1 BASELINE,,UNSUPPORTED,UNSUPPORTED,6,False,Outside frozen V1.1 team universe. No model prediction.,Outside the frozen V1.1 team universe; no V1.1 decision generated.,Chattanooga,East Tennessee State,,,,,,UNSUPPORTED
401862793,2026,5,2026-10-03T19:30:00.000Z,Samford,UAB,Protective Stadium,False,,,,,,,,No V1.1 prediction,,False,,No market spread,,,,,,0.3207679379795313,UAB,LOW,,STRONG,False,UNKNOWN,False,UNKNOWN,NO V1.1,,UNSUPPORTED,NO V1.1 BASELINE,,UNSUPPORTED,UNSUPPORTED,6,False,Outside frozen V1.1 team universe. No model prediction.,Outside the frozen V1.1 team universe; no V1.1 decision generated.,Samford,UAB,,,,,,UNSUPPORTED
401866652,2026,5,2026-10-03T19:30:00.000Z,Sacred Heart,Maine,Alfond Stadium,False,,,,,,,,No V1.1 prediction,,False,,No market spread,,,,,,-0.4278470963209056,Sacred Heart,LOW,,STRONG,False,UNKNOWN,False,UNKNOWN,NO V1.1,,UNSUPPORTED,NO V1.1 BASELINE,,UNSUPPORTED,UNSUPPORTED,6,False,Outside frozen V1.1 team universe. No model prediction.,Outside the frozen V1.1 team universe; no V1.1 decision generated.,Sacred Heart,Maine,,,,,,UNSUPPORTED
401868114,2026,5,2026-10-03T20:00:00.000Z,Northern Colorado,Montana,Washington-Grizzly Stadium,False,,,,,,,,No V1.1 prediction,,False,,No market spread,,,,,,0.4071405063824627,Montana,LOW,,STRONG,False,UNKNOWN,False,UNKNOWN,NO V1.1,,UNSUPPORTED,NO V1.1 BASELINE,,UNSUPPORTED,UNSUPPORTED,6,False,Outside frozen V1.1 team universe. No model prediction.,Outside the frozen V1.1 team universe; no V1.1 decision generated.,Northern Colorado,Montana,,,,,,UNSUPPORTED
401868328,2026,5,2026-10-03T20:00:00.000Z,Alabama State,Bethune-Cookman,Municipal Stadium,False,,,,,,,,No V1.1 prediction,,False,,No market spread,,,,,,0.1117988563396981,Bethune-Cookman,VERY LOW,,STRONG,True,MINIMAL,False,UNKNOWN,NO V1.1,,UNSUPPORTED,NO V1.1 BASELINE,,UNSUPPORTED,UNSUPPORTED,6,False,Outside frozen V1.1 team universe. No model prediction.,Outside the frozen V1.1 team universe; no V1.1 decision generated.,Alabama State,Bethune-Cookman,,,,,,UNSUPPORTED
401868220,2026,5,2026-10-03T20:00:00.000Z,Davidson,San Diego,Torero Stadium,False,,,,,,,,No V1.1 prediction,,False,,No market spread,,,,,,-0.5984417342447784,Davidson,MEDIUM,,STRONG,False,UNKNOWN,False,UNKNOWN,NO V1.1,,UNSUPPORTED,NO V1.1 BASELINE,,UNSUPPORTED,UNSUPPORTED,6,False,Outside frozen V1.1 team universe. No model prediction.,Outside the frozen V1.1 team universe; no V1.1 decision generated.,Davidson,San Diego,,,,,,UNSUPPORTED
401868197,2026,5,2026-10-03T20:00:00.000Z,Tennessee State,Western Illinois,Hanson Field,False,,,,,,,,No V1.1 prediction,,False,,No market spread,,,,,,1.1382344743913628,Western Illinois,VERY HIGH,,STRONG,True,MINIMAL,False,UNKNOWN,NO V1.1,,UNSUPPORTED,NO V1.1 BASELINE,,UNSUPPORTED,UNSUPPORTED,6,False,Outside frozen V1.1 team universe. No model prediction.,Outside the frozen V1.1 team universe; no V1.1 decision generated.,Tennessee State,Western Illinois,,,,,,UNSUPPORTED
401868064,2026,5,2026-10-03T21:00:00.000Z,New Haven,Austin Peay,Governors Stadium,False,,,,,,,,No V1.1 prediction,,False,,No market spread,,,,,,1.9015810004881093,Austin Peay,VERY HIGH,,STRONG,False,UNKNOWN,False,UNKNOWN,NO V1.1,,UNSUPPORTED,NO V1.1 BASELINE,,UNSUPPORTED,UNSUPPORTED,6,False,Outside frozen V1.1 team universe. No model prediction.,Outside the frozen V1.1 team universe; no V1.1 decision generated.,New Haven,Austin Peay,,,,,,UNSUPPORTED
401868295,2026,5,2026-10-03T21:00:00.000Z,Alabama A&M,Jackson State,Ladd Peebles Stadium,False,,,,,,,,No V1.1 prediction,,False,,No market spread,,,,,,0.1983513112130022,Jackson State,VERY LOW,,STRONG,False,UNKNOWN,False,UNKNOWN,NO V1.1,,UNSUPPORTED,NO V1.1 BASELINE,,UNSUPPORTED,UNSUPPORTED,6,False,Outside frozen V1.1 team universe. No model prediction.,Outside the frozen V1.1 team universe; no V1.1 decision generated.,Alabama A&M,Jackson State,,,,,,UNSUPPORTED
401867891,2026,5,2026-10-03T21:00:00.000Z,Youngstown State,Southern Illinois,Saluki Stadium,False,,,,,,,,No V1.1 prediction,,False,,No market spread,,,,,,-0.7762845699415033,Youngstown State,HIGH,,STRONG,False,UNKNOWN,False,UNKNOWN,NO V1.1,,UNSUPPORTED,NO V1.1 BASELINE,,UNSUPPORTED,UNSUPPORTED,6,False,Outside frozen V1.1 team universe. No model prediction.,Outside the frozen V1.1 team universe; no V1.1 decision generated.,Youngstown State,Southern Illinois,,,,,,UNSUPPORTED
401868173,2026,5,2026-10-03T22:00:00.000Z,Gardner-Webb,Charleston Southern,Buccaneer Field,False,,,,,,,,No V1.1 prediction,,False,,No market spread,,,,,,-0.0350249611252415,Gardner-Webb,VERY LOW,,STRONG,False,UNKNOWN,False,UNKNOWN,NO V1.1,,UNSUPPORTED,NO V1.1 BASELINE,,UNSUPPORTED,UNSUPPORTED,6,False,Outside frozen V1.1 team universe. No model prediction.,Outside the frozen V1.1 team universe; no V1.1 decision generated.,Gardner-Webb,Charleston Southern,,,,,,UNSUPPORTED
401868143,2026,5,2026-10-03T22:00:00.000Z,North Alabama,Eastern Kentucky,Roy Kidd Stadium,False,,,,,,,,No V1.1 prediction,,False,,No market spread,,,,,,-0.1338183055175057,North Alabama,VERY LOW,,STRONG,False,UNKNOWN,False,UNKNOWN,NO V1.1,,UNSUPPORTED,NO V1.1 BASELINE,,UNSUPPORTED,UNSUPPORTED,6,False,Outside frozen V1.1 team universe. No model prediction.,Outside the frozen V1.1 team universe; no V1.1 decision generated.,North Alabama,Eastern Kentucky,,,,,,UNSUPPORTED
401866653,2026,5,2026-10-03T22:00:00.000Z,North Carolina A&T,Bryant,Bulldog Stadium,False,,,,,,,,No V1.1 prediction,,False,,No market spread,,,,,,0.2945685494962468,Bryant,LOW,,STRONG,False,UNKNOWN,False,UNKNOWN,NO V1.1,,UNSUPPORTED,NO V1.1 BASELINE,,UNSUPPORTED,UNSUPPORTED,6,False,Outside frozen V1.1 team universe. No model prediction.,Outside the frozen V1.1 team universe; no V1.1 decision generated.,North Carolina A&T,Bryant,,,,,,UNSUPPORTED
401906591,2026,5,2026-10-03T22:00:00.000Z,UT Permian Basin,Northeastern State,Gable Field at Doc Wadley Stadium,False,,,,,,,,No V1.1 prediction,,False,,No market spread,,,,,,0.9139322598283744,Northeastern State,HIGH,,VERY LIMITED,False,UNKNOWN,False,UNKNOWN,NO V1.1,,UNSUPPORTED,NO V1.1 BASELINE,,UNSUPPORTED,UNSUPPORTED,6,False,Outside frozen V1.1 team universe. No model prediction.,Outside the frozen V1.1 team universe; no V1.1 decision generated.,UT Permian Basin,Northeastern State,,,,,,UNSUPPORTED
401866657,2026,5,2026-10-03T22:00:00.000Z,Campbell,North Carolina Central,O'Kelly-Riddick Stadium,False,,,,,,,,No V1.1 prediction,,False,,No market spread,,,,,,-0.8222243986225378,Campbell,HIGH,,STRONG,False,UNKNOWN,False,UNKNOWN,NO V1.1,,UNSUPPORTED,NO V1.1 BASELINE,,UNSUPPORTED,UNSUPPORTED,6,False,Outside frozen V1.1 team universe. No model prediction.,Outside the frozen V1.1 team universe; no V1.1 decision generated.,Campbell,North Carolina Central,,,,,,UNSUPPORTED
401862790,2026,5,2026-10-03T22:00:00.000Z,Texas Southern,Florida Atlantic,FAU Stadium,False,,,,,,,,No V1.1 prediction,,False,,No market spread,,,,,,0.5309447241010895,Florida Atlantic,MEDIUM,,STRONG,False,UNKNOWN,False,UNKNOWN,NO V1.1,,UNSUPPORTED,NO V1.1 BASELINE,,UNSUPPORTED,UNSUPPORTED,6,False,Outside frozen V1.1 team universe. No model prediction.,Outside the frozen V1.1 team universe; no V1.1 decision generated.,Texas Southern,Florida Atlantic,,,,,,UNSUPPORTED
401868391,2026,5,2026-10-03T22:00:00.000Z,Tennessee Tech,Western Carolina,E. J. Whitmire Stadium,False,,,,,,,,No V1.1 prediction,,False,,No market spread,,,,,,-0.4751340854078992,Tennessee Tech,MEDIUM,,STRONG,False,UNKNOWN,False,UNKNOWN,NO V1.1,,UNSUPPORTED,NO V1.1 BASELINE,,UNSUPPORTED,UNSUPPORTED,6,False,Outside frozen V1.1 team universe. No model prediction.,Outside the frozen V1.1 team universe; no V1.1 decision generated.,Tennessee Tech,Western Carolina,,,,,,UNSUPPORTED
401868309,2026,5,2026-10-03T22:00:00.000Z,Incarnate Word,Stephen F. Austin,Homer Bryce Stadium,False,,,,,,,,No V1.1 prediction,,False,,No market spread,,,,,,1.1930091857137952,Stephen F. Austin,VERY HIGH,,STRONG,False,UNKNOWN,False,UNKNOWN,NO V1.1,,UNSUPPORTED,NO V1.1 BASELINE,,UNSUPPORTED,UNSUPPORTED,6,False,Outside frozen V1.1 team universe. No model prediction.,Outside the frozen V1.1 team universe; no V1.1 decision generated.,Incarnate Word,Stephen F. Austin,,,,,,UNSUPPORTED
401867848,2026,5,2026-10-03T23:00:00.000Z,South Dakota State,Illinois State,Hancock Stadium,False,,,,,,,,No V1.1 prediction,,False,,No market spread,,,,,,-1.0011289856073196,South Dakota State,HIGH,,STRONG,False,UNKNOWN,False,UNKNOWN,NO V1.1,,UNSUPPORTED,NO V1.1 BASELINE,,UNSUPPORTED,UNSUPPORTED,6,False,Outside frozen V1.1 team universe. No model prediction.,Outside the frozen V1.1 team universe; no V1.1 decision generated.,South Dakota State,Illinois State,,,,,,UNSUPPORTED
401869151,2026,5,2026-10-03T23:00:00.000Z,Nicholls,Houston Christian,Husky Stadium,False,,,,,,,,No V1.1 prediction,,False,,No market spread,,,,,,1.112994710995282,Houston Christian,VERY HIGH,,STRONG,False,UNKNOWN,False,UNKNOWN,NO V1.1,,UNSUPPORTED,NO V1.1 BASELINE,,UNSUPPORTED,UNSUPPORTED,6,False,Outside frozen V1.1 team universe. No model prediction.,Outside the frozen V1.1 team universe; no V1.1 decision generated.,Nicholls,Houston Christian,,,,,,UNSUPPORTED
401869131,2026,5,2026-10-03T23:00:00.000Z,Northwestern State,Lamar,Provost Umphrey Stadium,False,,,,,,,,No V1.1 prediction,,False,,No market spread,,,,,,0.8775916029848576,Lamar,HIGH,,STRONG,False,UNKNOWN,False,UNKNOWN,NO V1.1,,UNSUPPORTED,NO V1.1 BASELINE,,UNSUPPORTED,UNSUPPORTED,6,False,Outside frozen V1.1 team universe. No model prediction.,Outside the frozen V1.1 team universe; no V1.1 decision generated.,Northwestern State,Lamar,,,,,,UNSUPPORTED
401867688,2026,5,2026-10-03T23:00:00.000Z,Chicago State,Tarleton State,"Memorial Stadium (Stephenville, TX)",False,,,,,,,,No V1.1 prediction,,False,,No market spread,,,,,,1.1144335663476608,Tarleton State,VERY HIGH,,STRONG,False,UNKNOWN,False,UNKNOWN,NO V1.1,,UNSUPPORTED,NO V1.1 BASELINE,,UNSUPPORTED,UNSUPPORTED,6,False,Outside frozen V1.1 team universe. No model prediction.,Outside the frozen V1.1 team universe; no V1.1 decision generated.,Chicago State,Tarleton State,,,,,,UNSUPPORTED
401868248,2026,5,2026-10-03T23:00:00.000Z,UT Rio Grande Valley,East Texas A&M,Memorial Stadium (Commerce TX),False,,,,,,,,No V1.1 prediction,,False,,No market spread,,,,,,-0.4761237859163325,UT Rio Grande Valley,MEDIUM,,STRONG,False,UNKNOWN,False,UNKNOWN,NO V1.1,,UNSUPPORTED,NO V1.1 BASELINE,,UNSUPPORTED,UNSUPPORTED,6,False,Outside frozen V1.1 team universe. No model prediction.,Outside the frozen V1.1 team universe; no V1.1 decision generated.,UT Rio Grande Valley,East Texas A&M,,,,,,UNSUPPORTED
401867840,2026,5,2026-10-03T23:00:00.000Z,Colgate,Harvard,Harvard Stadium,False,,,,,,,,No V1.1 prediction,,False,,No market spread,,,,,,-0.1314921917858783,Colgate,VERY LOW,,LIMITED,False,UNKNOWN,False,UNKNOWN,NO V1.1,,UNSUPPORTED,NO V1.1 BASELINE,,UNSUPPORTED,UNSUPPORTED,6,False,Outside frozen V1.1 team universe. No model prediction.,Outside the frozen V1.1 team universe; no V1.1 decision generated.,Colgate,Harvard,,,,,,UNSUPPORTED
401868936,2026,5,2026-10-03T23:00:00.000Z,Arkansas-Pine Bluff,Southern,Ace W. Mumford Stadium,False,,,,,,,,No V1.1 prediction,,False,,No market spread,,,,,,-0.6630068200845683,Arkansas-Pine Bluff,MEDIUM,,STRONG,False,UNKNOWN,False,UNKNOWN,NO V1.1,,UNSUPPORTED,NO V1.1 BASELINE,,UNSUPPORTED,UNSUPPORTED,6,False,Outside frozen V1.1 team universe. No model prediction.,Outside the frozen V1.1 team universe; no V1.1 decision generated.,Arkansas-Pine Bluff,Southern,,,,,,UNSUPPORTED
401856706,2026,5,2026-10-03T23:45:00.000Z,McNeese,LSU,Tiger Stadium (LA),False,,,,,,,,No V1.1 prediction,,False,,No market spread,,,,,,0.7400214262611888,LSU,MEDIUM,,STRONG,False,UNKNOWN,False,UNKNOWN,NO V1.1,,UNSUPPORTED,NO V1.1 BASELINE,,UNSUPPORTED,UNSUPPORTED,6,False,Outside frozen V1.1 team universe. No model prediction.,Outside the frozen V1.1 team universe; no V1.1 decision generated.,McNeese,LSU,,,,,,UNSUPPORTED
401868053,2026,5,2026-10-04T00:00:00.000Z,West Florida,Abilene Christian,Wildcat Stadium (TX),False,,,,,,,,No V1.1 prediction,,False,,No market spread,,,,,,-0.1978294868719319,West Florida,VERY LOW,,STRONG,False,UNKNOWN,False,UNKNOWN,NO V1.1,,UNSUPPORTED,NO V1.1 BASELINE,,UNSUPPORTED,UNSUPPORTED,6,False,Outside frozen V1.1 team universe. No model prediction.,Outside the frozen V1.1 team universe; no V1.1 decision generated.,West Florida,Abilene Christian,,,,,,UNSUPPORTED
401868160,2026,5,2026-10-04T00:00:00.000Z,Southern Utah,Utah Tech,Greater Zion Stadium,False,,,,,,,,No V1.1 prediction,,False,,No market spread,,,,,,-0.7111812837348755,Southern Utah,MEDIUM,,STRONG,False,UNKNOWN,False,UNKNOWN,NO V1.1,,UNSUPPORTED,NO V1.1 BASELINE,,UNSUPPORTED,UNSUPPORTED,6,False,Outside frozen V1.1 team universe. No model prediction.,Outside the frozen V1.1 team universe; no V1.1 decision generated.,Southern Utah,Utah Tech,,,,,,UNSUPPORTED
401868104,2026,5,2026-10-04T00:00:00.000Z,Northern Arizona,Idaho State,Holt Arena,False,,,,,,,,No V1.1 prediction,,False,,No market spread,,,,,,1.0617093103528132,Idaho State,HIGH,,STRONG,False,UNKNOWN,False,UNKNOWN,NO V1.1,,UNSUPPORTED,NO V1.1 BASELINE,,UNSUPPORTED,UNSUPPORTED,6,False,Outside frozen V1.1 team universe. No model prediction.,Outside the frozen V1.1 team universe; no V1.1 decision generated.,Northern Arizona,Idaho State,,,,,,UNSUPPORTED
401868077,2026,5,2026-10-04T00:00:00.000Z,Weber State,Cal Poly,Alex G. Spanos Stadium,False,,,,,,,,No V1.1 prediction,,False,,No market spread,,,,,,0.0794008509993106,Cal Poly,VERY LOW,,STRONG,False,UNKNOWN,False,UNKNOWN,NO V1.1,,UNSUPPORTED,NO V1.1 BASELINE,,UNSUPPORTED,UNSUPPORTED,6,False,Outside frozen V1.1 team universe. No model prediction.,Outside the frozen V1.1 team universe; no V1.1 decision generated.,Weber State,Cal Poly,,,,,,UNSUPPORTED
401868086,2026,5,2026-10-04T02:30:00.000Z,Eastern Washington,UC Davis,Aggie Stadium,False,,,,,,,,No V1.1 prediction,,False,,No market spread,,,,,,0.3512008826128091,UC Davis,LOW,,STRONG,False,UNKNOWN,False,UNKNOWN,NO V1.1,,UNSUPPORTED,NO V1.1 BASELINE,,UNSUPPORTED,UNSUPPORTED,6,False,Outside frozen V1.1 team universe. No model prediction.,Outside the frozen V1.1 team universe; no V1.1 decision generated.,Eastern Washington,UC Davis,,,,,,UNSUPPORTED
